benchmark;shape;run;validation_time;extraction_time
tyrol;tyrol/aggregateratingshape.ttl;1;0.0015296619999958239;0.0014974649999999201
tyrol;tyrol/airportshape.ttl;1;0.07053601100000151;0.07359747900000002
tyrol;tyrol/amusementparkshape.ttl;1;0.13225607399999717;0.1418471530000005
tyrol;tyrol/automotivebusinessshape.ttl;1;0.5710286590000067;0.602870007000007
tyrol;tyrol/bakeryshape.ttl;1;0.6744943859999921;0.7061980550000015
tyrol;tyrol/bankorcreditunionshape.ttl;1;0.2773686879999957;0.2939042539999974
tyrol;tyrol/barorpubshape.ttl;1;3.6475047520000032;3.846955674
tyrol;tyrol/beachshape.ttl;1;0.04568469400000197;0.04924139300000263
tyrol;tyrol/bodyofwatershape.ttl;1;0.1404950649999961;0.14737441300000853
tyrol;tyrol/bowlingalleyshape.ttl;1;0.004999007999998639;0.004915050999997561
tyrol;tyrol/busstationshape.ttl;1;0.025487894999997707;0.030679243999998107
tyrol;tyrol/busstop.ttl;1;0.12436484500000233;0.13670617700000776
tyrol;tyrol/cafeorcoffeeshopshape.ttl;1;3.3104889319999984;3.379252022000003
tyrol;tyrol/campgroundshape.ttl;1;0.20301485699999944;0.21592536699999698
tyrol;tyrol/childcarepath.ttl;1;0.32712126100000205;0.34062182099999916
tyrol;tyrol/churchshape.ttl;1;0.43313008599999137;0.464335461999994
tyrol;tyrol/cityhallshape.ttl;1;0.07917181500000936;0.08214843399998983
tyrol;tyrol/civicstructureshape.ttl;1;2.262312313999999;2.3884070340000108
tyrol;tyrol/contactpointshape.ttl;1;7.905415159;7.994071142999999
tyrol;tyrol/drycleaningorlaundryshape.ttl;1;0.9077604579999985;0.9378152390000025
tyrol;tyrol/educationalorganizationshape.ttl;1;0.528541006999987;0.5730611030000006
tyrol;tyrol/emergencyserviceshape.ttl;1;0.13275315699999624;0.14059972299999401
tyrol;tyrol/entertainmentbusinessshape.ttl;1;1.2377313539999903;1.3197812589999955
tyrol;tyrol/eventshape.ttl;1;;
tyrol;tyrol/financialserviceshape.ttl;1;0.5868857810000065;0.6332379689999925
tyrol;tyrol/foodestablishmentshape.ttl;1;0.9339290770000019;0.9812657969999918
tyrol;tyrol/geocoordinatesshape.ttl;1;43.94168217999999;45.53969716100001
tyrol;tyrol/geoshapeshape.ttl;1;2.691180502000009;2.88680033
tyrol;tyrol/golfcourseshape.ttl;1;0.24889676299999053;0.2613570719999956
tyrol;tyrol/governmentbuildingshape.ttl;1;0.3413698089999997;0.35865406700000335
tyrol;tyrol/healthandbeautybusinessshape.ttl;1;1.2666944630000074;1.3247692959999995
tyrol;tyrol/hotelshape.ttl;1;;
tyrol;tyrol/icecreamshopshape.ttl;1;0.11730444900000236;0.12545794500000795
tyrol;tyrol/imageobjectshape.ttl;1;205.92302285;208.374314222
tyrol;tyrol/lakebodyofwatershape.ttl;1;0.08893258700000217;0.09616123700000401
tyrol;tyrol/landmarksorhistoricalbuildingsshape.ttl;1;0.0983647569999988;0.10528113800000938
tyrol;tyrol/libraryshape.ttl;1;0.07816613399999994;0.0829282739999968
tyrol;tyrol/localbusinesshape.ttl;1;;
tyrol;tyrol/locationfeaturespecificationshape.ttl;1;29.18695263299999;30.683542709000008
tyrol;tyrol/movietheathershape.ttl;1;0.016373661000002926;0.01692051999999933
tyrol;tyrol/offershape.ttl;1;34.085136168999995;36.286043688999996
tyrol;tyrol/openinghoursspecificationshape.ttl;1;8.704013091000007;9.601882798999995
tyrol;tyrol/organizationshape.ttl;1;2.4673135219999978;2.543199794000003
tyrol;tyrol/parkshape.ttl;1;0.046671020000005115;0.048169888999993304
tyrol;tyrol/personshape.ttl;1;0.3510013839999999;0.3787237779999941
tyrol;tyrol/placeshape.ttl;1;59.29201041600001;63.17986511500001
tyrol;tyrol/postaladdressshape.ttl;1;53.11143905500002;53.252060871
tyrol;tyrol/ratingshape.ttl;1;0.10451605299999756;0.11130133200001069
tyrol;tyrol/restaurantshape.ttl;1;7.853113096000001;8.393734022000004
tyrol;tyrol/serviceshape.ttl;1;0.3129544820000092;0.32595635899998854
tyrol;tyrol/skiresortshape.ttl;1;2.327127914000002;2.5068115650000067
tyrol;tyrol/sportsactivityshape.ttl;1;14.268705707999999;15.201525400999998
tyrol;tyrol/storeshape.ttl;1;0.005113299000001348;0.004964749999999185
tyrol;tyrol/touristattractionshape.ttl;1;1.0084541109999918;1.0777201790000106
tyrol;tyrol/touristinformationcentershape.ttl;1;0.2569961960000029;0.26789439600000264
tyrol;tyrol/travelactionshape.ttl;1;0.5815136959999876;0.5968801719999988
tyrol;tyrol/wineryshape.ttl;1;0.159224437000006;0.1657921879999975
tyrol;tyrol/aggregateratingshape.ttl;2;0.0014917980000035413;0.0014809430000042312
tyrol;tyrol/airportshape.ttl;2;0.07102077600001167;0.0738989089999933
tyrol;tyrol/amusementparkshape.ttl;2;0.1322829039999931;0.14066319399999827
tyrol;tyrol/automotivebusinessshape.ttl;2;0.5783792520000048;0.5986752100000103
tyrol;tyrol/bakeryshape.ttl;2;0.6765563519999915;0.7097551060000029
tyrol;tyrol/bankorcreditunionshape.ttl;2;0.28009859499999834;0.29508315199998947
tyrol;tyrol/barorpubshape.ttl;2;3.6504758549999963;3.8385041220000033
tyrol;tyrol/beachshape.ttl;2;0.04629234499999768;0.04868903100000921
tyrol;tyrol/bodyofwatershape.ttl;2;0.14139357200001257;0.15892588900000248
tyrol;tyrol/bowlingalleyshape.ttl;2;0.0049968649999954096;0.004863944000007336
tyrol;tyrol/busstationshape.ttl;2;0.025167285999998512;0.026245754999990822
tyrol;tyrol/busstop.ttl;2;0.1251794189999913;0.134849549000009
tyrol;tyrol/cafeorcoffeeshopshape.ttl;2;3.253030469999999;3.3826686639999934
tyrol;tyrol/campgroundshape.ttl;2;0.20223123700000656;0.21509501500000283
tyrol;tyrol/childcarepath.ttl;2;0.3304696679999921;0.338608727999997
tyrol;tyrol/churchshape.ttl;2;0.428677522000001;0.45651469499999564
tyrol;tyrol/cityhallshape.ttl;2;0.07868780799999797;0.08154343100000006
tyrol;tyrol/civicstructureshape.ttl;2;2.2800763209999957;2.40563753699999
tyrol;tyrol/contactpointshape.ttl;2;7.920206621999995;8.149927842000011
tyrol;tyrol/drycleaningorlaundryshape.ttl;2;0.9011713410000084;0.9391227939999993
tyrol;tyrol/educationalorganizationshape.ttl;2;0.5325495860000018;0.5639750160000006
tyrol;tyrol/emergencyserviceshape.ttl;2;0.13180196499999397;0.13943973599999993
tyrol;tyrol/entertainmentbusinessshape.ttl;2;1.418126411000003;1.3205406729999964
tyrol;tyrol/eventshape.ttl;2;;
tyrol;tyrol/financialserviceshape.ttl;2;0.5901328520000106;0.6286499379999952
tyrol;tyrol/foodestablishmentshape.ttl;2;0.9502582840000002;0.9622809050000001
tyrol;tyrol/geocoordinatesshape.ttl;2;43.59779338;45.329868433000016
tyrol;tyrol/geoshapeshape.ttl;2;2.7058391380000018;2.832573212
tyrol;tyrol/golfcourseshape.ttl;2;0.24952180500000054;0.26591770400000314
tyrol;tyrol/governmentbuildingshape.ttl;2;0.3394015669999959;0.3579460600000033
tyrol;tyrol/healthandbeautybusinessshape.ttl;2;1.2754264170000056;1.3339493860000005
tyrol;tyrol/hotelshape.ttl;2;;
tyrol;tyrol/icecreamshopshape.ttl;2;0.1201749250000006;0.12535430900000222
tyrol;tyrol/imageobjectshape.ttl;2;211.30195982099997;208.58805536100002
tyrol;tyrol/lakebodyofwatershape.ttl;2;0.08762690999999734;0.09332539100000758
tyrol;tyrol/landmarksorhistoricalbuildingsshape.ttl;2;0.09861524800000154;0.10523423000000776
tyrol;tyrol/libraryshape.ttl;2;0.07732931099999973;0.08182520900000156
tyrol;tyrol/localbusinesshape.ttl;2;;
tyrol;tyrol/locationfeaturespecificationshape.ttl;2;29.525466250999997;31.002453977000002
tyrol;tyrol/movietheathershape.ttl;2;0.016341793000009375;0.01677366399999869
tyrol;tyrol/offershape.ttl;2;33.97158094199999;35.70161275599999
tyrol;tyrol/openinghoursspecificationshape.ttl;2;8.864637670000008;9.42825748
tyrol;tyrol/organizationshape.ttl;2;2.442614560999999;2.5110724900000037
tyrol;tyrol/parkshape.ttl;2;0.047193702999990705;0.04821697699999561
tyrol;tyrol/personshape.ttl;2;0.34849870200000055;0.3757342159999979
tyrol;tyrol/placeshape.ttl;2;59.919970677999984;64.365501146
tyrol;tyrol/postaladdressshape.ttl;2;52.272144337;53.575883652
tyrol;tyrol/ratingshape.ttl;2;0.1051476299999905;0.11188344400000005
tyrol;tyrol/restaurantshape.ttl;2;7.880044045999995;8.329578504000011
tyrol;tyrol/serviceshape.ttl;2;0.3041857209999961;0.3191548810000029
tyrol;tyrol/skiresortshape.ttl;2;2.3194843609999936;2.5061122679999954
tyrol;tyrol/sportsactivityshape.ttl;2;13.972627007;15.047942208999999
tyrol;tyrol/storeshape.ttl;2;0.0051016799999956675;0.005050001999990172
tyrol;tyrol/touristattractionshape.ttl;2;1.026751725000011;1.071404403999992
tyrol;tyrol/touristinformationcentershape.ttl;2;0.25332961099999807;0.2677666820000013
tyrol;tyrol/travelactionshape.ttl;2;0.5802320039999955;0.5963553200000007
tyrol;tyrol/wineryshape.ttl;2;0.15629878400000052;0.16575369399998863
tyrol;tyrol/aggregateratingshape.ttl;3;0.0014794049999977688;0.0014789789999980485
tyrol;tyrol/airportshape.ttl;3;0.07025206400000172;0.07286082700001373
tyrol;tyrol/amusementparkshape.ttl;3;0.1319815439999985;0.14120389400000022
tyrol;tyrol/automotivebusinessshape.ttl;3;0.5847314720000014;0.6028276559999881
tyrol;tyrol/bakeryshape.ttl;3;0.6748180120000029;0.6994044890000026
tyrol;tyrol/bankorcreditunionshape.ttl;3;0.2793611190000007;0.29084109500000466
tyrol;tyrol/barorpubshape.ttl;3;3.665662691999998;3.807469743000013
tyrol;tyrol/beachshape.ttl;3;0.04584270699999138;0.04838450200000466
tyrol;tyrol/bodyofwatershape.ttl;3;0.13988817800000675;0.15749397700000145
tyrol;tyrol/bowlingalleyshape.ttl;3;0.004936667999999145;0.00489535399999852
tyrol;tyrol/busstationshape.ttl;3;0.025670250000004557;0.02651286300000777
tyrol;tyrol/busstop.ttl;3;0.1264192600000058;0.13555169500000375
tyrol;tyrol/cafeorcoffeeshopshape.ttl;3;3.2040299169999997;3.437364779999996
tyrol;tyrol/campgroundshape.ttl;3;0.20308475899999223;0.21632781899999998
tyrol;tyrol/childcarepath.ttl;3;0.32338874700000986;0.3359280770000055
tyrol;tyrol/churchshape.ttl;3;0.4318713919999908;0.45399560899998903
tyrol;tyrol/cityhallshape.ttl;3;0.07824053800000286;0.08237087400000576
tyrol;tyrol/civicstructureshape.ttl;3;2.2487922349999963;2.3858692579999996
tyrol;tyrol/contactpointshape.ttl;3;7.889788697;8.188931415000013
tyrol;tyrol/drycleaningorlaundryshape.ttl;3;0.903830904000003;0.9515681390000026
tyrol;tyrol/educationalorganizationshape.ttl;3;0.529366758000009;0.5577439719999973
tyrol;tyrol/emergencyserviceshape.ttl;3;0.1317589690000034;0.13869435300000532
tyrol;tyrol/entertainmentbusinessshape.ttl;3;1.239199408999994;1.3006725999999986
tyrol;tyrol/eventshape.ttl;3;;
tyrol;tyrol/financialserviceshape.ttl;3;0.5943733960000088;0.6251985320000131
tyrol;tyrol/foodestablishmentshape.ttl;3;0.9468560919999902;0.9641848079999988
tyrol;tyrol/geocoordinatesshape.ttl;3;43.64882212200001;45.70106925200001
tyrol;tyrol/geoshapeshape.ttl;3;2.708204533;2.7987553480000003
tyrol;tyrol/golfcourseshape.ttl;3;0.24626102100000935;0.265802070999996
tyrol;tyrol/governmentbuildingshape.ttl;3;0.3358701559999986;0.3643018920000003
tyrol;tyrol/healthandbeautybusinessshape.ttl;3;1.2428250520000006;1.3084639169999974
tyrol;tyrol/hotelshape.ttl;3;;
tyrol;tyrol/icecreamshopshape.ttl;3;0.11870155999999099;0.12603693100000157
tyrol;tyrol/imageobjectshape.ttl;3;205.09041339499998;209.14040626099998
tyrol;tyrol/lakebodyofwatershape.ttl;3;0.09130486099999757;0.09490833999998927
tyrol;tyrol/landmarksorhistoricalbuildingsshape.ttl;3;0.09866214000000184;0.10762192099998913
tyrol;tyrol/libraryshape.ttl;3;0.07743790600000011;0.08193481399999314
tyrol;tyrol/localbusinesshape.ttl;3;;
tyrol;tyrol/locationfeaturespecificationshape.ttl;3;29.159297166;31.221217582999998
tyrol;tyrol/movietheathershape.ttl;3;0.01627601499998832;0.016905477999998197
tyrol;tyrol/offershape.ttl;3;34.140528810999996;36.202179086
tyrol;tyrol/openinghoursspecificationshape.ttl;3;8.808325832999998;9.590562607999999
tyrol;tyrol/organizationshape.ttl;3;2.4384492850000044;2.560798179999992
tyrol;tyrol/parkshape.ttl;3;0.046528600999991454;0.04825882100000456
tyrol;tyrol/personshape.ttl;3;0.3469925970000105;0.38360254599999166
tyrol;tyrol/placeshape.ttl;3;58.50642829000002;64.66304192899999
tyrol;tyrol/postaladdressshape.ttl;3;51.751208206;55.732919456999994
tyrol;tyrol/ratingshape.ttl;3;0.10634811899998908;0.11065134800000465
tyrol;tyrol/restaurantshape.ttl;3;7.8807025109999955;8.220974318999993
tyrol;tyrol/serviceshape.ttl;3;0.3092039199999874;0.3145627589999975
tyrol;tyrol/skiresortshape.ttl;3;2.3082961650000016;2.444314981000005
tyrol;tyrol/sportsactivityshape.ttl;3;14.669457445999996;14.853912989000008
tyrol;tyrol/storeshape.ttl;3;0.005091332999995757;0.005172204000004399
tyrol;tyrol/touristattractionshape.ttl;3;1.0154804689999963;1.0792461680000116
tyrol;tyrol/touristinformationcentershape.ttl;3;0.25366984499999035;0.26865595900000017
tyrol;tyrol/travelactionshape.ttl;3;0.5797523699999942;0.6024521960000015
tyrol;tyrol/wineryshape.ttl;3;0.15711211699999694;0.16512151599999925
tyrol;tyrol/aggregateratingshape.ttl;4;0.0015145720000049323;0.0014790120000043316
tyrol;tyrol/airportshape.ttl;4;0.06987375200000656;0.07333809600000052
tyrol;tyrol/amusementparkshape.ttl;4;0.13149337800000183;0.16536453599999845
tyrol;tyrol/automotivebusinessshape.ttl;4;0.5753565599999888;0.6036574700000017
tyrol;tyrol/bakeryshape.ttl;4;0.6710742350000061;0.7175904460000027
tyrol;tyrol/bankorcreditunionshape.ttl;4;0.2770914369999957;0.2917657240000011
tyrol;tyrol/barorpubshape.ttl;4;3.652567732999998;3.883860252000005
tyrol;tyrol/beachshape.ttl;4;0.05545772800000748;0.04820958199999836
tyrol;tyrol/bodyofwatershape.ttl;4;0.14037363600000674;0.14507677000000285
tyrol;tyrol/bowlingalleyshape.ttl;4;0.004970323999998527;0.004918478999996978
tyrol;tyrol/busstationshape.ttl;4;0.02665734299999656;0.02722499300000436
tyrol;tyrol/busstop.ttl;4;0.12383800099999576;0.13556365099999823
tyrol;tyrol/cafeorcoffeeshopshape.ttl;4;3.285196909000007;3.3817924699999935
tyrol;tyrol/campgroundshape.ttl;4;0.2027271810000002;0.2161315729999984
tyrol;tyrol/childcarepath.ttl;4;0.31888314600000456;0.3387886180000095
tyrol;tyrol/churchshape.ttl;4;0.43407675200000995;0.4529782899999901
tyrol;tyrol/cityhallshape.ttl;4;0.07708771699999772;0.08129037999999866
tyrol;tyrol/civicstructureshape.ttl;4;2.2718325519999922;2.4921182629999947
tyrol;tyrol/contactpointshape.ttl;4;7.906130015000002;8.173684627
tyrol;tyrol/drycleaningorlaundryshape.ttl;4;0.9167619840000043;0.938717835999995
tyrol;tyrol/educationalorganizationshape.ttl;4;0.5343141440000068;0.5598225930000069
tyrol;tyrol/emergencyserviceshape.ttl;4;0.13091110999999955;0.13857803199999807
tyrol;tyrol/entertainmentbusinessshape.ttl;4;1.2625850219999961;1.3104697630000004
tyrol;tyrol/eventshape.ttl;4;;
tyrol;tyrol/financialserviceshape.ttl;4;0.5886530100000016;0.6255687710000046
tyrol;tyrol/foodestablishmentshape.ttl;4;0.9521553689999962;0.9639560130000007
tyrol;tyrol/geocoordinatesshape.ttl;4;43.76916828900001;44.599668539999996
tyrol;tyrol/geoshapeshape.ttl;4;2.6724701159999995;2.8146381279999986
tyrol;tyrol/golfcourseshape.ttl;4;0.2500603600000062;0.2629606229999979
tyrol;tyrol/governmentbuildingshape.ttl;4;0.33595401800000957;0.35234470200001056
tyrol;tyrol/healthandbeautybusinessshape.ttl;4;1.2580784400000056;1.3173347159999906
tyrol;tyrol/hotelshape.ttl;4;;
tyrol;tyrol/icecreamshopshape.ttl;4;0.11889193099999318;0.12577019600000483
tyrol;tyrol/imageobjectshape.ttl;4;209.772546927;208.662772357
tyrol;tyrol/lakebodyofwatershape.ttl;4;0.08947559599999977;0.09403652999999679
tyrol;tyrol/landmarksorhistoricalbuildingsshape.ttl;4;0.09817870199999845;0.10265011999999274
tyrol;tyrol/libraryshape.ttl;4;0.07710351100000423;0.08239876099999321
tyrol;tyrol/localbusinesshape.ttl;4;;
tyrol;tyrol/locationfeaturespecificationshape.ttl;4;29.218392752;30.857683104999992
tyrol;tyrol/movietheathershape.ttl;4;0.016455559000007725;0.020509257000000503
tyrol;tyrol/offershape.ttl;4;34.281579377;35.836950477
tyrol;tyrol/openinghoursspecificationshape.ttl;4;8.938153944000007;9.398034725000002
tyrol;tyrol/organizationshape.ttl;4;2.4525824760000035;2.5243860110000043
tyrol;tyrol/parkshape.ttl;4;0.047067764000004786;0.04811051299999747
tyrol;tyrol/personshape.ttl;4;0.35001316299999985;0.3730162570000033
tyrol;tyrol/placeshape.ttl;4;58.490496695999994;61.979157805000014
tyrol;tyrol/postaladdressshape.ttl;4;52.017751153999995;53.699060962000004
tyrol;tyrol/ratingshape.ttl;4;0.10556203699999855;0.11167447600000457
tyrol;tyrol/restaurantshape.ttl;4;7.797482343000013;8.257093132999998
tyrol;tyrol/serviceshape.ttl;4;0.3060343699999919;0.32032361599999604
tyrol;tyrol/skiresortshape.ttl;4;2.285094459000007;2.4363402239999914
tyrol;tyrol/sportsactivityshape.ttl;4;14.549216012000002;15.339948215000007
tyrol;tyrol/storeshape.ttl;4;0.005064140000001771;0.005020020000003456
tyrol;tyrol/touristattractionshape.ttl;4;1.0240653399999928;1.0610668759999982
tyrol;tyrol/touristinformationcentershape.ttl;4;0.2542480200000057;0.26741759600000137
tyrol;tyrol/travelactionshape.ttl;4;0.5782353559999933;0.6061886439999995
tyrol;tyrol/wineryshape.ttl;4;0.15419618800000023;0.1656466639999934
tyrol;tyrol/aggregateratingshape.ttl;5;0.0014955549999911;0.0014733600000056413
tyrol;tyrol/airportshape.ttl;5;0.06992066600000157;0.07332633699999747
tyrol;tyrol/amusementparkshape.ttl;5;0.13130263799999398;0.13890931800000317
tyrol;tyrol/automotivebusinessshape.ttl;5;0.5759745919999943;0.6012199950000081
tyrol;tyrol/bakeryshape.ttl;5;0.6736622270000083;0.7163191190000049
tyrol;tyrol/bankorcreditunionshape.ttl;5;0.2816369589999965;0.2884431800000016
tyrol;tyrol/barorpubshape.ttl;5;3.6881318340000036;3.8120320750000047
tyrol;tyrol/beachshape.ttl;5;0.04671628000001249;0.04837461600000381
tyrol;tyrol/bodyofwatershape.ttl;5;0.1413121310000065;0.1480274799999961
tyrol;tyrol/bowlingalleyshape.ttl;5;0.004988088999994034;0.0049619699999965405
tyrol;tyrol/busstationshape.ttl;5;0.02561242299999833;0.02662991299999362
tyrol;tyrol/busstop.ttl;5;0.12630480899998986;0.13412489099999902
tyrol;tyrol/cafeorcoffeeshopshape.ttl;5;3.2509802180000094;3.4199070780000085
tyrol;tyrol/campgroundshape.ttl;5;0.20430904299999497;0.21418608199999767
tyrol;tyrol/childcarepath.ttl;5;0.3273222810000078;0.33790616999999656
tyrol;tyrol/churchshape.ttl;5;0.4262944670000053;0.4487791920000035
tyrol;tyrol/cityhallshape.ttl;5;0.07943277100000046;0.09396160999999381
tyrol;tyrol/civicstructureshape.ttl;5;2.271466239999995;2.414879614
tyrol;tyrol/contactpointshape.ttl;5;7.8410196150000075;8.135330178000004
tyrol;tyrol/drycleaningorlaundryshape.ttl;5;0.8959961909999947;0.9478891459999943
tyrol;tyrol/educationalorganizationshape.ttl;5;0.5368760690000016;0.5538027129999961
tyrol;tyrol/emergencyserviceshape.ttl;5;0.13153700300000537;0.13971867100001134
tyrol;tyrol/entertainmentbusinessshape.ttl;5;1.2602504110000012;1.322285363000006
tyrol;tyrol/eventshape.ttl;5;;
tyrol;tyrol/financialserviceshape.ttl;5;0.5884173089999933;0.6209286429999992
tyrol;tyrol/foodestablishmentshape.ttl;5;0.9309474679999994;0.9696131689999987
tyrol;tyrol/geocoordinatesshape.ttl;5;42.913675994;44.278521948000005
tyrol;tyrol/geoshapeshape.ttl;5;2.691713782000008;2.8634308660000016
tyrol;tyrol/golfcourseshape.ttl;5;0.2511129020000027;0.2652376589999932
tyrol;tyrol/governmentbuildingshape.ttl;5;0.3397721059999981;0.352522711000006
tyrol;tyrol/healthandbeautybusinessshape.ttl;5;1.2604264349999994;1.3116715270000014
tyrol;tyrol/hotelshape.ttl;5;;
tyrol;tyrol/icecreamshopshape.ttl;5;0.11974333400000603;0.12417431800000145
tyrol;tyrol/imageobjectshape.ttl;5;211.52052676199997;210.142935112
tyrol;tyrol/lakebodyofwatershape.ttl;5;0.08925987800000712;0.09519892499999116
tyrol;tyrol/landmarksorhistoricalbuildingsshape.ttl;5;0.09852719200000593;0.10428789700000607
tyrol;tyrol/libraryshape.ttl;5;0.07688499500000034;0.08190337199999931
tyrol;tyrol/localbusinesshape.ttl;5;;
tyrol;tyrol/locationfeaturespecificationshape.ttl;5;29.126489746999994;30.907461868
tyrol;tyrol/movietheathershape.ttl;5;0.016418036000004577;0.016971699999999146
tyrol;tyrol/offershape.ttl;5;33.944531102;36.31653547500001
tyrol;tyrol/openinghoursspecificationshape.ttl;5;8.703043094999998;9.551673967999989
tyrol;tyrol/organizationshape.ttl;5;2.4355412660000013;2.527189017000012
tyrol;tyrol/parkshape.ttl;5;0.04661489200000801;0.04853866999999923
tyrol;tyrol/personshape.ttl;5;0.35310537000000863;0.38178749499999753
tyrol;tyrol/placeshape.ttl;5;59.648359998000004;63.41833092500001
tyrol;tyrol/postaladdressshape.ttl;5;51.35502112600001;54.211809044999995
tyrol;tyrol/ratingshape.ttl;5;0.15177108900000746;0.11056555100000764
tyrol;tyrol/restaurantshape.ttl;5;7.91069310799999;8.34806999700001
tyrol;tyrol/serviceshape.ttl;5;0.3028365320000006;0.3157077350000037
tyrol;tyrol/skiresortshape.ttl;5;2.3538586120000105;2.4455842920000066
tyrol;tyrol/sportsactivityshape.ttl;5;14.088925275999998;14.918649665999993
tyrol;tyrol/storeshape.ttl;5;0.005072746999999822;0.0050504989999922145
tyrol;tyrol/touristattractionshape.ttl;5;1.0092481610000021;1.0601538129999994
tyrol;tyrol/touristinformationcentershape.ttl;5;0.2573469510000024;0.26817830400000275
tyrol;tyrol/travelactionshape.ttl;5;0.5768973979999998;0.599934386000001
tyrol;tyrol/wineryshape.ttl;5;0.1550208940000033;0.1669731709999951
tyrol;tyrol/aggregateratingshape.ttl;6;0.0014868310000082374;0.0015308830000009266
tyrol;tyrol/airportshape.ttl;6;0.07001680900000906;0.07383016600000758
tyrol;tyrol/amusementparkshape.ttl;6;0.13253400499999657;0.14442726099998993
tyrol;tyrol/automotivebusinessshape.ttl;6;0.5788122189999996;0.6069464900000128
tyrol;tyrol/bakeryshape.ttl;6;0.6703241719999937;0.7152473560000061
tyrol;tyrol/bankorcreditunionshape.ttl;6;0.277407163999996;0.291093814000007
tyrol;tyrol/barorpubshape.ttl;6;3.6898697550000037;3.883480542000001
tyrol;tyrol/beachshape.ttl;6;0.04618678699999634;0.04870254700000487
tyrol;tyrol/bodyofwatershape.ttl;6;0.14054976900000327;0.14722010799999907
tyrol;tyrol/bowlingalleyshape.ttl;6;0.004916932000000429;0.0048920739999971374
tyrol;tyrol/busstationshape.ttl;6;0.02565879799999493;0.02633479299998953
tyrol;tyrol/busstop.ttl;6;0.12569941399999607;0.13760392000000365
tyrol;tyrol/cafeorcoffeeshopshape.ttl;6;3.2299327110000036;3.4271633620000017
tyrol;tyrol/campgroundshape.ttl;6;0.20294319899998925;0.21387583800000698
tyrol;tyrol/childcarepath.ttl;6;0.330122424999999;0.3357476679999962
tyrol;tyrol/churchshape.ttl;6;0.4282489110000114;0.45382902199999364
tyrol;tyrol/cityhallshape.ttl;6;0.07884670699999674;0.08355353400000354
tyrol;tyrol/civicstructureshape.ttl;6;2.249305267000011;2.382658739000007
tyrol;tyrol/contactpointshape.ttl;6;8.005255789000003;7.977560032999989
tyrol;tyrol/drycleaningorlaundryshape.ttl;6;0.9063571140000022;0.947539704999997
tyrol;tyrol/educationalorganizationshape.ttl;6;0.5281123259999987;0.5653507710000127
tyrol;tyrol/emergencyserviceshape.ttl;6;0.13084618500001;0.1389194519999961
tyrol;tyrol/entertainmentbusinessshape.ttl;6;1.2365410339999983;1.3213753270000126
tyrol;tyrol/eventshape.ttl;6;;
tyrol;tyrol/financialserviceshape.ttl;6;0.5933526000000029;0.6239226309999992
tyrol;tyrol/foodestablishmentshape.ttl;6;0.9420331180000119;0.9731864900000033
tyrol;tyrol/geocoordinatesshape.ttl;6;43.98672371699999;45.10766388900001
tyrol;tyrol/geoshapeshape.ttl;6;2.703234406000007;2.8275053339999943
tyrol;tyrol/golfcourseshape.ttl;6;0.24612207399999875;0.26210143800000196
tyrol;tyrol/governmentbuildingshape.ttl;6;0.3406225849999913;0.3602163179999991
tyrol;tyrol/healthandbeautybusinessshape.ttl;6;1.257315374000001;1.333590099999995
tyrol;tyrol/hotelshape.ttl;6;;
tyrol;tyrol/icecreamshopshape.ttl;6;0.11696331699999973;0.12487445200000025
tyrol;tyrol/imageobjectshape.ttl;6;214.20134134;209.139950688
tyrol;tyrol/lakebodyofwatershape.ttl;6;0.08954334700000288;0.09416021699999533
tyrol;tyrol/landmarksorhistoricalbuildingsshape.ttl;6;0.09998315400000024;0.1049818289999962
tyrol;tyrol/libraryshape.ttl;6;0.07819868299999655;0.0811938060000017
tyrol;tyrol/localbusinesshape.ttl;6;;
tyrol;tyrol/locationfeaturespecificationshape.ttl;6;29.181393814999993;31.341145915
tyrol;tyrol/movietheathershape.ttl;6;0.016188121999988425;0.01681344899999715
tyrol;tyrol/offershape.ttl;6;33.787188055;36.324235348
tyrol;tyrol/openinghoursspecificationshape.ttl;6;8.653744193999998;9.460803945999999
tyrol;tyrol/organizationshape.ttl;6;2.440719188999992;2.4998496810000006
tyrol;tyrol/parkshape.ttl;6;0.04683255199999792;0.048137323999995374
tyrol;tyrol/personshape.ttl;6;0.35204834799999674;0.3794383339999996
tyrol;tyrol/placeshape.ttl;6;58.74770715000001;64.236889687
tyrol;tyrol/postaladdressshape.ttl;6;52.46215418600001;54.57749801499999
tyrol;tyrol/ratingshape.ttl;6;0.10593195500000263;0.11391072499999666
tyrol;tyrol/restaurantshape.ttl;6;7.836919992999995;8.340469874999997
tyrol;tyrol/serviceshape.ttl;6;0.30667035000000453;0.317858988999987
tyrol;tyrol/skiresortshape.ttl;6;2.3809967230000098;2.4499144589999986
tyrol;tyrol/sportsactivityshape.ttl;6;14.090907014999999;15.044499919999993
tyrol;tyrol/storeshape.ttl;6;0.005087888999995016;0.005074868000008337
tyrol;tyrol/touristattractionshape.ttl;6;1.0304484520000017;1.0667726880000004
tyrol;tyrol/touristinformationcentershape.ttl;6;0.2554349170000023;0.2672496179999939
tyrol;tyrol/travelactionshape.ttl;6;0.5853956990000029;0.6031075799999996
tyrol;tyrol/wineryshape.ttl;6;0.15568196600000306;0.16451680699999827
tyrol;tyrol/aggregateratingshape.ttl;7;0.0014894409999897107;0.001469473000000221
tyrol;tyrol/airportshape.ttl;7;0.07012905799999203;0.07318069599999433
tyrol;tyrol/amusementparkshape.ttl;7;0.1324290120000029;0.13889178899999877
tyrol;tyrol/automotivebusinessshape.ttl;7;0.5773104619999998;0.6082555899999988
tyrol;tyrol/bakeryshape.ttl;7;0.6680904460000079;0.7101044390000055
tyrol;tyrol/bankorcreditunionshape.ttl;7;0.2810596380000021;0.29041963299999907
tyrol;tyrol/barorpubshape.ttl;7;3.635227205999996;3.893864773000004
tyrol;tyrol/beachshape.ttl;7;0.04654399300000023;0.049322258999993096
tyrol;tyrol/bodyofwatershape.ttl;7;0.15925157200000228;0.14600753000000566
tyrol;tyrol/bowlingalleyshape.ttl;7;0.004915991000004283;0.00499455199999943
tyrol;tyrol/busstationshape.ttl;7;0.025414631999993276;0.02635375799999906
tyrol;tyrol/busstop.ttl;7;0.12735879299999908;0.1351326980000067
tyrol;tyrol/cafeorcoffeeshopshape.ttl;7;3.2413899549999883;3.391347737000004
tyrol;tyrol/campgroundshape.ttl;7;0.20474253799999076;0.21469241700000907
tyrol;tyrol/childcarepath.ttl;7;0.3248429199999947;0.34129461199999866
tyrol;tyrol/churchshape.ttl;7;0.4258472619999907;0.6294728789999908
tyrol;tyrol/cityhallshape.ttl;7;0.07700738299999443;0.08266614500000458
tyrol;tyrol/civicstructureshape.ttl;7;2.2607206070000103;2.391808832999999
tyrol;tyrol/contactpointshape.ttl;7;7.92708782599999;8.057561365999987
tyrol;tyrol/drycleaningorlaundryshape.ttl;7;0.9151409850000078;0.9526841750000017
tyrol;tyrol/educationalorganizationshape.ttl;7;0.5304281020000019;0.5588040920000026
tyrol;tyrol/emergencyserviceshape.ttl;7;0.1332047030000041;0.1406781959999961
tyrol;tyrol/entertainmentbusinessshape.ttl;7;1.285824765000001;1.3025500260000058
tyrol;tyrol/eventshape.ttl;7;;
tyrol;tyrol/financialserviceshape.ttl;7;0.5953318990000014;0.6185078379999993
tyrol;tyrol/foodestablishmentshape.ttl;7;0.9526943250000102;0.9702299180000011
tyrol;tyrol/geocoordinatesshape.ttl;7;43.624943128;44.94304379099998
tyrol;tyrol/geoshapeshape.ttl;7;2.694031688999999;2.8262470559999997
tyrol;tyrol/golfcourseshape.ttl;7;0.24490401000001327;0.26162762699999575
tyrol;tyrol/governmentbuildingshape.ttl;7;0.34581153899999606;0.3585720549999962
tyrol;tyrol/healthandbeautybusinessshape.ttl;7;1.2636846819999903;1.3291226460000019
tyrol;tyrol/hotelshape.ttl;7;;
tyrol;tyrol/icecreamshopshape.ttl;7;0.1178591369999964;0.12552340000000584
tyrol;tyrol/imageobjectshape.ttl;7;203.855511387;208.99201058699998
tyrol;tyrol/lakebodyofwatershape.ttl;7;0.08841112100000714;0.0947500039999909
tyrol;tyrol/landmarksorhistoricalbuildingsshape.ttl;7;0.09763282899999126;0.10586308500000996
tyrol;tyrol/libraryshape.ttl;7;0.07668798699999968;0.08292658399999198
tyrol;tyrol/localbusinesshape.ttl;7;;
tyrol;tyrol/locationfeaturespecificationshape.ttl;7;29.428668664;31.291820239999993
tyrol;tyrol/movietheathershape.ttl;7;0.01636409200000344;0.016919970999992984
tyrol;tyrol/offershape.ttl;7;34.019794108;35.366410699
tyrol;tyrol/openinghoursspecificationshape.ttl;7;8.743579828999998;9.611087837
tyrol;tyrol/organizationshape.ttl;7;2.4625701789999965;2.5069155210000105
tyrol;tyrol/parkshape.ttl;7;0.0464538499999918;0.049008007000011844
tyrol;tyrol/personshape.ttl;7;0.40073425500000326;0.3738129120000053
tyrol;tyrol/placeshape.ttl;7;58.716924504999994;61.80445033299999
tyrol;tyrol/postaladdressshape.ttl;7;53.01127961600001;54.080996489
tyrol;tyrol/ratingshape.ttl;7;0.10477849299999775;0.11165782499999466
tyrol;tyrol/restaurantshape.ttl;7;7.825581684999989;8.170778235
tyrol;tyrol/serviceshape.ttl;7;0.30610670099999027;0.313194337000013
tyrol;tyrol/skiresortshape.ttl;7;2.3179668359999965;2.4395611309999907
tyrol;tyrol/sportsactivityshape.ttl;7;14.310998692999988;15.157400449999997
tyrol;tyrol/storeshape.ttl;7;0.005076318999996943;0.005018498999987742
tyrol;tyrol/touristattractionshape.ttl;7;1.0266162690000016;1.0660263489999977
tyrol;tyrol/touristinformationcentershape.ttl;7;0.25622945499999616;0.26688276299999814
tyrol;tyrol/travelactionshape.ttl;7;0.5761643989999925;0.5924571249999957
tyrol;tyrol/wineryshape.ttl;7;0.1555608030000002;0.16330896899999914
tyrol;tyrol/aggregateratingshape.ttl;8;0.00147129500000176;0.001524219000003768
tyrol;tyrol/airportshape.ttl;8;0.06906087299999797;0.07375761400000158
tyrol;tyrol/amusementparkshape.ttl;8;0.13116142299999467;0.13992103600000405
tyrol;tyrol/automotivebusinessshape.ttl;8;0.5742229429999952;0.6046539940000031
tyrol;tyrol/bakeryshape.ttl;8;0.6733881879999899;0.71526887200001
tyrol;tyrol/bankorcreditunionshape.ttl;8;0.2801357639999935;0.2920464359999926
tyrol;tyrol/barorpubshape.ttl;8;3.7183704420000083;4.121129327999995
tyrol;tyrol/beachshape.ttl;8;0.046167738000008285;0.04838224600000274
tyrol;tyrol/bodyofwatershape.ttl;8;0.1419694769999893;0.14744444699999804
tyrol;tyrol/bowlingalleyshape.ttl;8;0.004904914999997345;0.004923368999996569
tyrol;tyrol/busstationshape.ttl;8;0.025456113000004166;0.026776583000000187
tyrol;tyrol/busstop.ttl;8;0.1258911630000057;0.13622424400000455
tyrol;tyrol/cafeorcoffeeshopshape.ttl;8;3.2547996299999937;3.420377567999992
tyrol;tyrol/campgroundshape.ttl;8;0.20441284900000767;0.21705459999999732
tyrol;tyrol/childcarepath.ttl;8;0.3196155029999943;0.33962605499999654
tyrol;tyrol/churchshape.ttl;8;0.4229881629999994;0.45067661999999586
tyrol;tyrol/cityhallshape.ttl;8;0.0764203329999873;0.08068449299999259
tyrol;tyrol/civicstructureshape.ttl;8;2.267535045999992;2.3927327679999877
tyrol;tyrol/contactpointshape.ttl;8;7.785076578000002;8.170248354000009
tyrol;tyrol/drycleaningorlaundryshape.ttl;8;0.9222646999999995;1.0959241060000124
tyrol;tyrol/educationalorganizationshape.ttl;8;0.5247966040000023;0.5555385979999983
tyrol;tyrol/emergencyserviceshape.ttl;8;0.1331076449999955;0.13801786899999513
tyrol;tyrol/entertainmentbusinessshape.ttl;8;1.2440136860000024;1.2977973280000015
tyrol;tyrol/eventshape.ttl;8;;
tyrol;tyrol/financialserviceshape.ttl;8;0.5969440009999971;0.6213467519999938
tyrol;tyrol/foodestablishmentshape.ttl;8;0.9470161349999984;0.9593876429999995
tyrol;tyrol/geocoordinatesshape.ttl;8;42.818372237000005;45.04166179899998
tyrol;tyrol/geoshapeshape.ttl;8;2.684275307000007;2.9608651839999993
tyrol;tyrol/golfcourseshape.ttl;8;0.25633911899998907;0.26057831300001055
tyrol;tyrol/governmentbuildingshape.ttl;8;0.33630992700000206;0.37761779199999523
tyrol;tyrol/healthandbeautybusinessshape.ttl;8;1.2655518150000091;1.3166836940000053
tyrol;tyrol/hotelshape.ttl;8;;
tyrol;tyrol/icecreamshopshape.ttl;8;0.11967153800000574;0.17368146100000104
tyrol;tyrol/imageobjectshape.ttl;8;207.216992575;206.100999791
tyrol;tyrol/lakebodyofwatershape.ttl;8;0.08946348000000626;0.09483529099999544
tyrol;tyrol/landmarksorhistoricalbuildingsshape.ttl;8;0.09865598899999384;0.10546758899999986
tyrol;tyrol/libraryshape.ttl;8;0.07837682600001017;0.0805446430000103
tyrol;tyrol/localbusinesshape.ttl;8;;
tyrol;tyrol/locationfeaturespecificationshape.ttl;8;29.110365083999994;31.464096812999998
tyrol;tyrol/movietheathershape.ttl;8;0.01625495600001159;0.016869673000002194
tyrol;tyrol/offershape.ttl;8;33.92436135599999;36.36841426199999
tyrol;tyrol/openinghoursspecificationshape.ttl;8;8.785489069999997;9.4572747
tyrol;tyrol/organizationshape.ttl;8;2.662217113000011;2.557263851000002
tyrol;tyrol/parkshape.ttl;8;0.046761158999999;0.04831180900001186
tyrol;tyrol/personshape.ttl;8;0.34657480900000337;0.3748926929999925
tyrol;tyrol/placeshape.ttl;8;58.66744651500001;63.41327465700002
tyrol;tyrol/postaladdressshape.ttl;8;52.07253691999999;53.970665149
tyrol;tyrol/ratingshape.ttl;8;0.10416092399999854;0.11145935899999415
tyrol;tyrol/restaurantshape.ttl;8;7.829228596999997;8.204866741999993
tyrol;tyrol/serviceshape.ttl;8;0.3074330500000002;0.3146038289999922
tyrol;tyrol/skiresortshape.ttl;8;2.318832096999998;2.4404044019999986
tyrol;tyrol/sportsactivityshape.ttl;8;14.137857564;15.144783684000004
tyrol;tyrol/storeshape.ttl;8;0.005098872000004917;0.004959161999991579
tyrol;tyrol/touristattractionshape.ttl;8;1.0241930870000004;1.0737126450000005
tyrol;tyrol/touristinformationcentershape.ttl;8;0.25775638000000356;0.2685575919999934
tyrol;tyrol/travelactionshape.ttl;8;0.5866270880000002;0.6028916289999984
tyrol;tyrol/wineryshape.ttl;8;0.15527731900000674;0.1677789479999916
tyrol;tyrol/aggregateratingshape.ttl;9;0.001474991999998565;0.0014753819999953066
tyrol;tyrol/airportshape.ttl;9;0.07173435099998926;0.07326228899999876
tyrol;tyrol/amusementparkshape.ttl;9;0.13147190299999068;0.14086886200000492
tyrol;tyrol/automotivebusinessshape.ttl;9;0.5796748019999995;0.5965580689999967
tyrol;tyrol/bakeryshape.ttl;9;0.6707926430000128;0.7194912420000037
tyrol;tyrol/bankorcreditunionshape.ttl;9;0.27939290700000186;0.29071665300000404
tyrol;tyrol/barorpubshape.ttl;9;3.785351932999987;3.891834150000008
tyrol;tyrol/beachshape.ttl;9;0.046818923000003565;0.04890923000000669
tyrol;tyrol/bodyofwatershape.ttl;9;0.13894174600000042;0.14662204799999756
tyrol;tyrol/bowlingalleyshape.ttl;9;0.00492760199999509;0.005007978999998386
tyrol;tyrol/busstationshape.ttl;9;0.0255477500000012;0.02652021699999807
tyrol;tyrol/busstop.ttl;9;0.12563643299999683;0.13641400100000567
tyrol;tyrol/cafeorcoffeeshopshape.ttl;9;3.3126187169999923;3.4592323119999975
tyrol;tyrol/campgroundshape.ttl;9;0.20314225799999974;0.2128397329999956
tyrol;tyrol/childcarepath.ttl;9;0.3159371360000023;0.3417070689999946
tyrol;tyrol/churchshape.ttl;9;0.42615919499999677;0.45185739199999375
tyrol;tyrol/cityhallshape.ttl;9;0.0789370869999999;0.08217419300000017
tyrol;tyrol/civicstructureshape.ttl;9;2.2506328439999947;2.3955352320000003
tyrol;tyrol/contactpointshape.ttl;9;7.878068857000002;8.110504465000005
tyrol;tyrol/drycleaningorlaundryshape.ttl;9;0.9083871619999968;0.951665509999998
tyrol;tyrol/educationalorganizationshape.ttl;9;0.551130606000001;0.5577203550000007
tyrol;tyrol/emergencyserviceshape.ttl;9;0.13143021199999794;0.13924749899999256
tyrol;tyrol/entertainmentbusinessshape.ttl;9;1.2749640560000017;1.3082612830000073
tyrol;tyrol/eventshape.ttl;9;;
tyrol;tyrol/financialserviceshape.ttl;9;0.5995191479999988;0.6259660850000017
tyrol;tyrol/foodestablishmentshape.ttl;9;0.951720801999997;0.9645280100000093
tyrol;tyrol/geocoordinatesshape.ttl;9;42.968095704999996;44.72394703100001
tyrol;tyrol/geoshapeshape.ttl;9;2.6789275229999987;2.811790086000002
tyrol;tyrol/golfcourseshape.ttl;9;0.24894232100000124;0.26760808000000225
tyrol;tyrol/governmentbuildingshape.ttl;9;0.33628443199999936;0.35437519899998904
tyrol;tyrol/healthandbeautybusinessshape.ttl;9;1.2841488490000046;1.3361656180000097
tyrol;tyrol/hotelshape.ttl;9;;
tyrol;tyrol/icecreamshopshape.ttl;9;0.1165560130000074;0.12417868900000428
tyrol;tyrol/imageobjectshape.ttl;9;206.568143662;209.35491267199998
tyrol;tyrol/lakebodyofwatershape.ttl;9;0.08842767500000548;0.09350823999999136
tyrol;tyrol/landmarksorhistoricalbuildingsshape.ttl;9;0.09869482099999516;0.10635475799999483
tyrol;tyrol/libraryshape.ttl;9;0.07875758899999141;0.08218635800000129
tyrol;tyrol/localbusinesshape.ttl;9;;
tyrol;tyrol/locationfeaturespecificationshape.ttl;9;29.276621679;31.291237015000007
tyrol;tyrol/movietheathershape.ttl;9;0.01629355499999008;0.017013237999989883
tyrol;tyrol/offershape.ttl;9;34.040726572;35.621770083
tyrol;tyrol/openinghoursspecificationshape.ttl;9;8.750802707000005;9.494571054000005
tyrol;tyrol/organizationshape.ttl;9;2.461856185000002;2.5469009419999935
tyrol;tyrol/parkshape.ttl;9;0.0464513189999991;0.0480607239999955
tyrol;tyrol/personshape.ttl;9;0.35638655500000027;0.38221107799999743
tyrol;tyrol/placeshape.ttl;9;58.84804987499999;62.80741496
tyrol;tyrol/postaladdressshape.ttl;9;52.27462571699999;55.196802293999994
tyrol;tyrol/ratingshape.ttl;9;0.10501740200000143;0.11324650599999586
tyrol;tyrol/restaurantshape.ttl;9;7.859702955000003;8.275379350999998
tyrol;tyrol/serviceshape.ttl;9;0.35351145799999983;0.31720274699999607
tyrol;tyrol/skiresortshape.ttl;9;2.3133862239999985;2.457967365000002
tyrol;tyrol/sportsactivityshape.ttl;9;14.40173627099999;15.391754216999999
tyrol;tyrol/storeshape.ttl;9;0.005011234999997782;0.005015290999992317
tyrol;tyrol/touristattractionshape.ttl;9;1.0062058190000016;1.0646387299999986
tyrol;tyrol/touristinformationcentershape.ttl;9;0.253213577000011;0.27212836500000037
tyrol;tyrol/travelactionshape.ttl;9;0.5849543220000015;0.6024361440000092
tyrol;tyrol/wineryshape.ttl;9;0.15693002999999806;0.16429119000000014
tyrol;tyrol/aggregateratingshape.ttl;10;0.0014852159999918513;0.0014754399999930001
tyrol;tyrol/airportshape.ttl;10;0.06985629200001142;0.07458881000000872
tyrol;tyrol/amusementparkshape.ttl;10;0.12951395300000001;0.13910105299999032
tyrol;tyrol/automotivebusinessshape.ttl;10;0.5762565169999903;0.6067129719999969
tyrol;tyrol/bakeryshape.ttl;10;0.6856063959999972;0.7032464079999983
tyrol;tyrol/bankorcreditunionshape.ttl;10;0.2803144880000019;0.29261611399999765
tyrol;tyrol/barorpubshape.ttl;10;3.6222151609999997;3.849092214999999
tyrol;tyrol/beachshape.ttl;10;0.04669394200000454;0.04858570999999756
tyrol;tyrol/bodyofwatershape.ttl;10;0.14130988099999797;0.14765420500000914
tyrol;tyrol/bowlingalleyshape.ttl;10;0.004995226999994884;0.004941057999999998
tyrol;tyrol/busstationshape.ttl;10;0.02521842199999469;0.026787970999990307
tyrol;tyrol/busstop.ttl;10;0.12617472899999882;0.13371302000000185
tyrol;tyrol/cafeorcoffeeshopshape.ttl;10;3.3037281320000034;3.4045247459999928
tyrol;tyrol/campgroundshape.ttl;10;0.20283454100000142;0.21353814699999418
tyrol;tyrol/childcarepath.ttl;10;0.3226788429999914;0.3418371050000104
tyrol;tyrol/churchshape.ttl;10;0.4265637510000033;0.4564908290000034
tyrol;tyrol/cityhallshape.ttl;10;0.07697249699999986;0.08315892800000313
tyrol;tyrol/civicstructureshape.ttl;10;2.4187684200000064;2.402181403
tyrol;tyrol/contactpointshape.ttl;10;7.862097543999994;8.114386697
tyrol;tyrol/drycleaningorlaundryshape.ttl;10;0.9210119139999904;0.9466494950000026
tyrol;tyrol/educationalorganizationshape.ttl;10;0.5421288409999931;0.5568273849999912
tyrol;tyrol/emergencyserviceshape.ttl;10;0.13172078600000248;0.13748670100000027
tyrol;tyrol/entertainmentbusinessshape.ttl;10;1.2464909019999908;1.2883547189999973
tyrol;tyrol/eventshape.ttl;10;;
tyrol;tyrol/financialserviceshape.ttl;10;0.595200375999994;0.6264079470000041
tyrol;tyrol/foodestablishmentshape.ttl;10;0.9454113930000005;0.9630136440000001
tyrol;tyrol/geocoordinatesshape.ttl;10;43.388921396;44.56211951099999
tyrol;tyrol/geoshapeshape.ttl;10;2.6733386769999896;2.8179148029999936
tyrol;tyrol/golfcourseshape.ttl;10;0.24527778200000228;0.2650607129999969
tyrol;tyrol/governmentbuildingshape.ttl;10;0.33803147999999794;0.35582308299999
tyrol;tyrol/healthandbeautybusinessshape.ttl;10;1.3749643350000014;1.3085020729999997
tyrol;tyrol/hotelshape.ttl;10;;
tyrol;tyrol/icecreamshopshape.ttl;10;0.11866543899999726;0.1248914840000026
tyrol;tyrol/imageobjectshape.ttl;10;212.51674312699998;208.477002306
tyrol;tyrol/lakebodyofwatershape.ttl;10;0.08652900300000965;0.09516389899999922
tyrol;tyrol/landmarksorhistoricalbuildingsshape.ttl;10;0.09885281400001134;0.10540524500000004
tyrol;tyrol/libraryshape.ttl;10;0.07852867100000083;0.08181997099998739
tyrol;tyrol/localbusinesshape.ttl;10;;
tyrol;tyrol/locationfeaturespecificationshape.ttl;10;29.079947204999996;31.383249784
tyrol;tyrol/movietheathershape.ttl;10;0.016263717000001066;0.016829860000001418
tyrol;tyrol/offershape.ttl;10;34.302852629;36.311742943
tyrol;tyrol/openinghoursspecificationshape.ttl;10;8.741345440000003;9.542163185999996
tyrol;tyrol/organizationshape.ttl;10;2.4276426750000013;2.5204551290000126
tyrol;tyrol/parkshape.ttl;10;0.04742744899999707;0.048566544999999905
tyrol;tyrol/personshape.ttl;10;0.35345528800000636;0.37826119300000016
tyrol;tyrol/placeshape.ttl;10;59.131092396000014;61.486856614000004
tyrol;tyrol/postaladdressshape.ttl;10;53.155604306;55.25087629900001
tyrol;tyrol/ratingshape.ttl;10;0.10497266000000138;0.1124528459999965
tyrol;tyrol/restaurantshape.ttl;10;7.866768446999998;8.215117429000003
tyrol;tyrol/serviceshape.ttl;10;0.3082977290000031;0.318276388000001
tyrol;tyrol/skiresortshape.ttl;10;2.3312167410000058;2.4565307800000085
tyrol;tyrol/sportsactivityshape.ttl;10;13.871058182000013;15.12915759500001
tyrol;tyrol/storeshape.ttl;10;0.005077151999998364;0.005045413999994253
tyrol;tyrol/touristattractionshape.ttl;10;1.0312494810000032;1.0876818049999883
tyrol;tyrol/touristinformationcentershape.ttl;10;0.2607771240000005;0.2669773899999939
tyrol;tyrol/travelactionshape.ttl;10;0.5764495919999888;0.5952300829999899
tyrol;tyrol/wineryshape.ttl;10;0.1568569340000039;0.16646321199999647
tyrol;tyrol/aggregateratingshape.ttl;11;0.0014697920000088516;0.0014871500000026572
tyrol;tyrol/airportshape.ttl;11;0.06958604800000501;0.07466626999999448
tyrol;tyrol/amusementparkshape.ttl;11;0.13232471999999973;0.14138996299999462
tyrol;tyrol/automotivebusinessshape.ttl;11;0.5730083389999976;0.6050735740000022
tyrol;tyrol/bakeryshape.ttl;11;0.6731365489999916;0.719712928000007
tyrol;tyrol/bankorcreditunionshape.ttl;11;0.27899117300000853;0.29227029099999413
tyrol;tyrol/barorpubshape.ttl;11;3.6376089139999976;3.8163969369999933
tyrol;tyrol/beachshape.ttl;11;0.046474907000003896;0.04841009099999383
tyrol;tyrol/bodyofwatershape.ttl;11;0.14323723100000052;0.1575525089999985
tyrol;tyrol/bowlingalleyshape.ttl;11;0.004984845000009841;0.004972569000003091
tyrol;tyrol/busstationshape.ttl;11;0.02553895600000544;0.027338933999999426
tyrol;tyrol/busstop.ttl;11;0.12671166699999503;0.13479916699999706
tyrol;tyrol/cafeorcoffeeshopshape.ttl;11;3.3350940149999957;3.415480450000004
tyrol;tyrol/campgroundshape.ttl;11;0.2014998870000113;0.21355789099999356
tyrol;tyrol/childcarepath.ttl;11;0.32178801100000953;0.3368152129999942
tyrol;tyrol/churchshape.ttl;11;0.42679540600001076;0.456803469999997
tyrol;tyrol/cityhallshape.ttl;11;0.07812237000000266;0.0806870029999942
tyrol;tyrol/civicstructureshape.ttl;11;2.300124088000004;2.387187339999997
tyrol;tyrol/contactpointshape.ttl;11;7.901054955999996;8.053192641999999
tyrol;tyrol/drycleaningorlaundryshape.ttl;11;0.9020482279999982;0.9371577940000009
tyrol;tyrol/educationalorganizationshape.ttl;11;0.5335636900000083;0.556113295000003
tyrol;tyrol/emergencyserviceshape.ttl;11;0.13203822699999535;0.1393146660000042
tyrol;tyrol/entertainmentbusinessshape.ttl;11;1.2435150430000022;1.3131973359999876
tyrol;tyrol/eventshape.ttl;11;;
tyrol;tyrol/financialserviceshape.ttl;11;0.6035212869999924;0.6268855950000045
tyrol;tyrol/foodestablishmentshape.ttl;11;0.9335470350000037;0.9643098960000032
tyrol;tyrol/geocoordinatesshape.ttl;11;43.35981654000001;45.700018275000005
tyrol;tyrol/geoshapeshape.ttl;11;2.703566748;2.8440917599999977
tyrol;tyrol/golfcourseshape.ttl;11;0.2505239560000092;0.2630043209999968
tyrol;tyrol/governmentbuildingshape.ttl;11;0.3410554889999986;0.3568172629999964
tyrol;tyrol/healthandbeautybusinessshape.ttl;11;1.2686757419999992;1.3088716540000007
tyrol;tyrol/hotelshape.ttl;11;;
tyrol;tyrol/icecreamshopshape.ttl;11;0.12074193099999775;0.12647843100000955
tyrol;tyrol/imageobjectshape.ttl;11;207.34529650899998;207.42073305499997
tyrol;tyrol/lakebodyofwatershape.ttl;11;0.08803603399999815;0.09350543099999697
tyrol;tyrol/landmarksorhistoricalbuildingsshape.ttl;11;0.09790923700001031;0.10637550100000226
tyrol;tyrol/libraryshape.ttl;11;0.07815391599999089;0.08066872200001285
tyrol;tyrol/localbusinesshape.ttl;11;;
tyrol;tyrol/locationfeaturespecificationshape.ttl;11;29.038674297;30.742636776000012
tyrol;tyrol/movietheathershape.ttl;11;0.016467871000003242;0.017042665000005286
tyrol;tyrol/offershape.ttl;11;34.16516138499999;36.274532304999994
tyrol;tyrol/openinghoursspecificationshape.ttl;11;8.882174792;9.439581333999996
tyrol;tyrol/organizationshape.ttl;11;2.493213036;2.505380359
tyrol;tyrol/parkshape.ttl;11;0.04719641599999136;0.04864293100000339
tyrol;tyrol/personshape.ttl;11;0.35335886900000446;0.3752586029999918
tyrol;tyrol/placeshape.ttl;11;59.73806300899999;62.905680106999995
tyrol;tyrol/postaladdressshape.ttl;11;52.46019872699999;56.204664093999995
tyrol;tyrol/ratingshape.ttl;11;0.10591022200000566;0.11301867000000243
tyrol;tyrol/restaurantshape.ttl;11;7.807991228999995;8.279255299000013
tyrol;tyrol/serviceshape.ttl;11;0.3059495990000016;0.3213317410000087
tyrol;tyrol/skiresortshape.ttl;11;2.3030360869999953;2.453958362999998
tyrol;tyrol/sportsactivityshape.ttl;11;14.321499718000013;15.299800118999997
tyrol;tyrol/storeshape.ttl;11;0.005030775999998127;0.005133786000001805
tyrol;tyrol/touristattractionshape.ttl;11;1.0372988299999975;1.0800017459999935
tyrol;tyrol/touristinformationcentershape.ttl;11;0.2559517020000044;0.2656946660000017
tyrol;tyrol/travelactionshape.ttl;11;0.5762138399999941;0.5981994939999993
tyrol;tyrol/wineryshape.ttl;11;0.15740209299998753;0.16356481399999723
tyrol;tyrol/aggregateratingshape.ttl;12;0.0014590370000036046;0.0014933490000004213
tyrol;tyrol/airportshape.ttl;12;0.06975184499999898;0.07293621499999858
tyrol;tyrol/amusementparkshape.ttl;12;0.13159532100000604;0.1430997150000053
tyrol;tyrol/automotivebusinessshape.ttl;12;0.580575342000003;0.6041856610000025
tyrol;tyrol/bakeryshape.ttl;12;0.6667027240000039;0.7133202070000095
tyrol;tyrol/bankorcreditunionshape.ttl;12;0.31839047199999015;0.29523260099999504
tyrol;tyrol/barorpubshape.ttl;12;3.666471895000001;3.868752337999993
tyrol;tyrol/beachshape.ttl;12;0.04677040800000043;0.04894982300000095
tyrol;tyrol/bodyofwatershape.ttl;12;0.14083149500000047;0.14679142299999626
tyrol;tyrol/bowlingalleyshape.ttl;12;0.004971757999996385;0.004882049000002553
tyrol;tyrol/busstationshape.ttl;12;0.025583542000006787;0.02649500599999044
tyrol;tyrol/busstop.ttl;12;0.12596148200000812;0.13517754099999024
tyrol;tyrol/cafeorcoffeeshopshape.ttl;12;3.270100185000004;3.3830822609999984
tyrol;tyrol/campgroundshape.ttl;12;0.20202295899999;0.2140586849999977
tyrol;tyrol/childcarepath.ttl;12;0.3282627170000012;0.34273158799999237
tyrol;tyrol/churchshape.ttl;12;0.4245447070000097;0.45390679199999795
tyrol;tyrol/cityhallshape.ttl;12;0.07832188899999437;0.08126241099999731
tyrol;tyrol/civicstructureshape.ttl;12;2.290725629999997;2.3972456869999945
tyrol;tyrol/contactpointshape.ttl;12;7.849133038000005;8.152299129
tyrol;tyrol/drycleaningorlaundryshape.ttl;12;0.8957290769999986;0.9383470890000041
tyrol;tyrol/educationalorganizationshape.ttl;12;0.5268627100000032;0.5577670600000033
tyrol;tyrol/emergencyserviceshape.ttl;12;0.13326704600000028;0.139789566999994
tyrol;tyrol/entertainmentbusinessshape.ttl;12;1.2547809799999925;1.3030597009999951
tyrol;tyrol/eventshape.ttl;12;;
tyrol;tyrol/financialserviceshape.ttl;12;0.5950091060000062;0.6397341689999934
tyrol;tyrol/foodestablishmentshape.ttl;12;0.9606792680000069;0.9662160569999969
tyrol;tyrol/geocoordinatesshape.ttl;12;43.497846006;45.104951652999986
tyrol;tyrol/geoshapeshape.ttl;12;2.6880257020000045;2.8307494559999924
tyrol;tyrol/golfcourseshape.ttl;12;0.2511419840000002;0.26836865399999965
tyrol;tyrol/governmentbuildingshape.ttl;12;0.33993305799999973;0.35455891099999803
tyrol;tyrol/healthandbeautybusinessshape.ttl;12;1.2612343779999975;1.3080812360000067
tyrol;tyrol/hotelshape.ttl;12;;
tyrol;tyrol/icecreamshopshape.ttl;12;0.11689692500000604;0.12531115800000237
tyrol;tyrol/imageobjectshape.ttl;12;213.65792201000002;206.53030966699998
tyrol;tyrol/lakebodyofwatershape.ttl;12;0.0883274589999985;0.09287321799999404
tyrol;tyrol/landmarksorhistoricalbuildingsshape.ttl;12;0.09845396999999423;0.10402576599999236
tyrol;tyrol/libraryshape.ttl;12;0.07822194400000626;0.08151102099999719
tyrol;tyrol/localbusinesshape.ttl;12;;
tyrol;tyrol/locationfeaturespecificationshape.ttl;12;29.516445527000002;31.405208361999996
tyrol;tyrol/movietheathershape.ttl;12;0.01634347899999966;0.016638710000009382
tyrol;tyrol/offershape.ttl;12;34.360043133000005;36.266536869999996
tyrol;tyrol/openinghoursspecificationshape.ttl;12;9.462195539999996;9.560138511000005
tyrol;tyrol/organizationshape.ttl;12;2.463225749000003;2.5120122820000006
tyrol;tyrol/parkshape.ttl;12;0.04697993900001052;0.048278471000003265
tyrol;tyrol/personshape.ttl;12;0.3449163589999955;0.3784379410000014
tyrol;tyrol/placeshape.ttl;12;59.35487465600001;64.29851954300001
tyrol;tyrol/postaladdressshape.ttl;12;52.62407565400001;53.83963547699999
tyrol;tyrol/ratingshape.ttl;12;0.10595673199999567;0.11174019799999257
tyrol;tyrol/restaurantshape.ttl;12;7.936653894999992;8.234895176999999
tyrol;tyrol/serviceshape.ttl;12;0.31017153499999495;0.31720551899999805
tyrol;tyrol/skiresortshape.ttl;12;2.3239621080000035;2.4647781270000024
tyrol;tyrol/sportsactivityshape.ttl;12;14.140275482999996;15.088425338999997
tyrol;tyrol/storeshape.ttl;12;0.0049883150000056276;0.0050094519999959175
tyrol;tyrol/touristattractionshape.ttl;12;1.0192972459999936;1.0679352640000133
tyrol;tyrol/touristinformationcentershape.ttl;12;0.25411980499998776;0.27044875699999693
tyrol;tyrol/travelactionshape.ttl;12;0.5823194010000066;0.5931481779999928
tyrol;tyrol/wineryshape.ttl;12;0.15628122899998687;0.16449752300000853
tyrol;tyrol/aggregateratingshape.ttl;13;0.0015380390000103716;0.0014715279999961695
tyrol;tyrol/airportshape.ttl;13;0.06957912500000418;0.07430415899999332
tyrol;tyrol/amusementparkshape.ttl;13;0.13244860599999697;0.1402549679999936
tyrol;tyrol/automotivebusinessshape.ttl;13;0.5773931829999981;0.6198265700000007
tyrol;tyrol/bakeryshape.ttl;13;0.6763214519999963;0.7035568440000048
tyrol;tyrol/bankorcreditunionshape.ttl;13;0.2771922470000021;0.29222442500000056
tyrol;tyrol/barorpubshape.ttl;13;3.661182255;3.8185373289999944
tyrol;tyrol/beachshape.ttl;13;0.04715042499999811;0.04845757200000378
tyrol;tyrol/bodyofwatershape.ttl;13;0.13882817600000408;0.1474602830000009
tyrol;tyrol/bowlingalleyshape.ttl;13;0.005144917999999166;0.004875736000002462
tyrol;tyrol/busstationshape.ttl;13;0.025412558999988732;0.02627518500000292
tyrol;tyrol/busstop.ttl;13;0.12476571899999556;0.13401795699999752
tyrol;tyrol/cafeorcoffeeshopshape.ttl;13;3.4054500179999962;3.4373073100000084
tyrol;tyrol/campgroundshape.ttl;13;0.20222834599999828;0.21544283699999767
tyrol;tyrol/childcarepath.ttl;13;0.320348549000002;0.3404706000000033
tyrol;tyrol/churchshape.ttl;13;0.5371460269999915;0.4540136810000064
tyrol;tyrol/cityhallshape.ttl;13;0.0771843280000013;0.08167010000001085
tyrol;tyrol/civicstructureshape.ttl;13;2.2736628340000067;2.385906829999996
tyrol;tyrol/contactpointshape.ttl;13;7.834835464999998;8.118913684999995
tyrol;tyrol/drycleaningorlaundryshape.ttl;13;0.9190879029999905;0.930703684000008
tyrol;tyrol/educationalorganizationshape.ttl;13;0.5267668070000013;0.5573820049999938
tyrol;tyrol/emergencyserviceshape.ttl;13;0.1306747630000018;0.1372279250000048
tyrol;tyrol/entertainmentbusinessshape.ttl;13;1.2443493260000054;1.3036981740000044
tyrol;tyrol/eventshape.ttl;13;;
tyrol;tyrol/financialserviceshape.ttl;13;0.59604195;0.620413898999999
tyrol;tyrol/foodestablishmentshape.ttl;13;0.943675431999992;0.9843929240000051
tyrol;tyrol/geocoordinatesshape.ttl;13;43.583036386;44.51280810200001
tyrol;tyrol/geoshapeshape.ttl;13;2.695236491000003;2.818635821000001
tyrol;tyrol/golfcourseshape.ttl;13;0.25023563700000295;0.2643420859999992
tyrol;tyrol/governmentbuildingshape.ttl;13;0.34564468200001386;0.3543756069999944
tyrol;tyrol/healthandbeautybusinessshape.ttl;13;1.2823127089999957;1.3339138190000028
tyrol;tyrol/hotelshape.ttl;13;;
tyrol;tyrol/icecreamshopshape.ttl;13;0.118150380000003;0.12491118099998744
tyrol;tyrol/imageobjectshape.ttl;13;203.63075268100002;211.471717285
tyrol;tyrol/lakebodyofwatershape.ttl;13;0.08941369299999735;0.0930966539999929
tyrol;tyrol/landmarksorhistoricalbuildingsshape.ttl;13;0.09814096600000255;0.10567622599999993
tyrol;tyrol/libraryshape.ttl;13;0.07745554299999924;0.08181146600000488
tyrol;tyrol/localbusinesshape.ttl;13;;
tyrol;tyrol/locationfeaturespecificationshape.ttl;13;29.39276999500001;30.665181575999995
tyrol;tyrol/movietheathershape.ttl;13;0.01637289199999259;0.01699591099999509
tyrol;tyrol/offershape.ttl;13;34.457901839;36.270461227
tyrol;tyrol/openinghoursspecificationshape.ttl;13;8.770919842999987;9.486675362
tyrol;tyrol/organizationshape.ttl;13;2.4348161659999903;2.5057528330000025
tyrol;tyrol/parkshape.ttl;13;0.04690570399999672;0.047736400999994544
tyrol;tyrol/personshape.ttl;13;0.35426783699999476;0.38315332599999863
tyrol;tyrol/placeshape.ttl;13;58.521500798999995;64.548733152
tyrol;tyrol/postaladdressshape.ttl;13;51.959985691;55.88795628400001
tyrol;tyrol/ratingshape.ttl;13;0.1065936119999975;0.10972656399999892
tyrol;tyrol/restaurantshape.ttl;13;7.915665989000004;8.372006752999994
tyrol;tyrol/serviceshape.ttl;13;0.30599106600000425;0.3209629809999939
tyrol;tyrol/skiresortshape.ttl;13;2.3168180100000058;2.496156411000001
tyrol;tyrol/sportsactivityshape.ttl;13;14.232145861999996;15.181677748999988
tyrol;tyrol/storeshape.ttl;13;0.005062195000007819;0.0050780410000044185
tyrol;tyrol/touristattractionshape.ttl;13;1.006949388999999;1.072776351999991
tyrol;tyrol/touristinformationcentershape.ttl;13;0.2559461110000001;0.2688571470000056
tyrol;tyrol/travelactionshape.ttl;13;0.584570020000001;0.6042404390000087
tyrol;tyrol/wineryshape.ttl;13;0.15865012599999773;0.16609675300000504
tyrol;tyrol/aggregateratingshape.ttl;14;0.001478912999999693;0.0014843080000019881
tyrol;tyrol/airportshape.ttl;14;0.07032053099999303;0.0738960719999966
tyrol;tyrol/amusementparkshape.ttl;14;0.13234780400000545;0.1399773519999883
tyrol;tyrol/automotivebusinessshape.ttl;14;0.5791275179999928;0.6020752229999999
tyrol;tyrol/bakeryshape.ttl;14;0.672714795999994;0.7144801090000072
tyrol;tyrol/bankorcreditunionshape.ttl;14;0.27938454600000284;0.29188749200000075
tyrol;tyrol/barorpubshape.ttl;14;3.634152198999999;3.836273097000003
tyrol;tyrol/beachshape.ttl;14;0.046159610999993106;0.04813839499999517
tyrol;tyrol/bodyofwatershape.ttl;14;0.13905227899999772;0.14947993200000553
tyrol;tyrol/bowlingalleyshape.ttl;14;0.004971105999999281;0.004948464999998237
tyrol;tyrol/busstationshape.ttl;14;0.025747816000006196;0.02640981100000772
tyrol;tyrol/busstop.ttl;14;0.1265693189999979;0.13576577500001008
tyrol;tyrol/cafeorcoffeeshopshape.ttl;14;3.277446538999996;3.460132630000004
tyrol;tyrol/campgroundshape.ttl;14;0.20273412299999904;0.21673614700000599
tyrol;tyrol/childcarepath.ttl;14;0.3188168299999887;0.3391698019999865
tyrol;tyrol/churchshape.ttl;14;0.4268380830000069;0.4544119130000013
tyrol;tyrol/cityhallshape.ttl;14;0.07887656699999468;0.08118956299999525
tyrol;tyrol/civicstructureshape.ttl;14;2.276298742999998;2.4164538349999987
tyrol;tyrol/contactpointshape.ttl;14;7.808869666000007;8.091805789000006
tyrol;tyrol/drycleaningorlaundryshape.ttl;14;0.8867989019999953;0.9594661559999906
tyrol;tyrol/educationalorganizationshape.ttl;14;0.540216915000002;0.55191220399999
tyrol;tyrol/emergencyserviceshape.ttl;14;0.13166377200001023;0.13877765600000203
tyrol;tyrol/entertainmentbusinessshape.ttl;14;1.2540396429999987;1.301205722000006
tyrol;tyrol/eventshape.ttl;14;;
tyrol;tyrol/financialserviceshape.ttl;14;0.5850038479999995;0.6311184609999998
tyrol;tyrol/foodestablishmentshape.ttl;14;0.9516548999999941;0.9764820310000033
tyrol;tyrol/geocoordinatesshape.ttl;14;43.559585991999995;45.482857196
tyrol;tyrol/geoshapeshape.ttl;14;2.692713937999997;2.8580408410000047
tyrol;tyrol/golfcourseshape.ttl;14;0.2522322650000035;0.2667698420000022
tyrol;tyrol/governmentbuildingshape.ttl;14;0.33992423899999835;0.35739151900000365
tyrol;tyrol/healthandbeautybusinessshape.ttl;14;1.272883372999999;1.2960369930000013
tyrol;tyrol/hotelshape.ttl;14;;
tyrol;tyrol/icecreamshopshape.ttl;14;0.11843792999999891;0.125016561999999
tyrol;tyrol/imageobjectshape.ttl;14;213.027620658;208.472977629
tyrol;tyrol/lakebodyofwatershape.ttl;14;0.08918735399998923;0.09384005100000081
tyrol;tyrol/landmarksorhistoricalbuildingsshape.ttl;14;0.09754480000000854;0.10425752499999419
tyrol;tyrol/libraryshape.ttl;14;0.07782686000000183;0.08251045699999793
tyrol;tyrol/localbusinesshape.ttl;14;;
tyrol;tyrol/locationfeaturespecificationshape.ttl;14;29.245537155999997;30.889140518999994
tyrol;tyrol/movietheathershape.ttl;14;0.016921065999994767;0.016751775000003022
tyrol;tyrol/offershape.ttl;14;34.140687240000005;36.621475746
tyrol;tyrol/openinghoursspecificationshape.ttl;14;8.749547315000001;9.460728169000006
tyrol;tyrol/organizationshape.ttl;14;2.462853620000004;2.513186246999993
tyrol;tyrol/parkshape.ttl;14;0.045731352999993646;0.049264142999987826
tyrol;tyrol/personshape.ttl;14;0.35041112599999735;0.3755074460000003
tyrol;tyrol/placeshape.ttl;14;59.803004546999986;64.560279065
tyrol;tyrol/postaladdressshape.ttl;14;52.054992262;54.72468862400001
tyrol;tyrol/ratingshape.ttl;14;0.10888237500000741;0.11051267000000564
tyrol;tyrol/restaurantshape.ttl;14;7.900765657999997;8.209616093999998
tyrol;tyrol/serviceshape.ttl;14;0.3082649539999949;0.31620395400000234
tyrol;tyrol/skiresortshape.ttl;14;2.3429190849999912;2.4462001979999997
tyrol;tyrol/sportsactivityshape.ttl;14;14.115670014000003;15.089282439000002
tyrol;tyrol/storeshape.ttl;14;0.005087725000009868;0.005039585999995211
tyrol;tyrol/touristattractionshape.ttl;14;1.0267143650000037;1.0788949020000018
tyrol;tyrol/touristinformationcentershape.ttl;14;0.25587596000001156;0.2673293920000077
tyrol;tyrol/travelactionshape.ttl;14;0.5940450519999985;0.6021999350000016
tyrol;tyrol/wineryshape.ttl;14;0.15445069100000808;0.16551652500000102
tyrol;tyrol/aggregateratingshape.ttl;15;0.0014856119999961948;0.001484554000001026
tyrol;tyrol/airportshape.ttl;15;0.07015695499998742;0.07346391699999799
tyrol;tyrol/amusementparkshape.ttl;15;0.13307427099999813;0.13954114000000573
tyrol;tyrol/automotivebusinessshape.ttl;15;0.5720646150000022;0.6113095969999875
tyrol;tyrol/bakeryshape.ttl;15;0.6721050940000026;0.7208900939999978
tyrol;tyrol/bankorcreditunionshape.ttl;15;0.2811647639999961;0.2938668670000055
tyrol;tyrol/barorpubshape.ttl;15;3.6756411610000015;3.803778029
tyrol;tyrol/beachshape.ttl;15;0.04669255400000338;0.04854530599999407
tyrol;tyrol/bodyofwatershape.ttl;15;0.1410610319999961;0.14399511799999232
tyrol;tyrol/bowlingalleyshape.ttl;15;0.004934673000008161;0.004936788999998498
tyrol;tyrol/busstationshape.ttl;15;0.025276042000001553;0.026620606000008706
tyrol;tyrol/busstop.ttl;15;0.12646027399999582;0.1368477540000015
tyrol;tyrol/cafeorcoffeeshopshape.ttl;15;3.2823465510000034;3.3885451029999984
tyrol;tyrol/campgroundshape.ttl;15;0.20042862699999375;0.21555969399999242
tyrol;tyrol/childcarepath.ttl;15;0.32319410300000584;0.34182055000000844
tyrol;tyrol/churchshape.ttl;15;0.43739487899999574;0.4571802560000009
tyrol;tyrol/cityhallshape.ttl;15;0.07840346100000772;0.08354726900000742
tyrol;tyrol/civicstructureshape.ttl;15;2.2469626190000014;2.446668044000006
tyrol;tyrol/contactpointshape.ttl;15;7.899934344999991;8.028105754999999
tyrol;tyrol/drycleaningorlaundryshape.ttl;15;0.897743601000002;0.9397829259999924
tyrol;tyrol/educationalorganizationshape.ttl;15;0.5264426009999994;0.5584353659999977
tyrol;tyrol/emergencyserviceshape.ttl;15;0.1318357109999937;0.1431236460000065
tyrol;tyrol/entertainmentbusinessshape.ttl;15;1.2559669319999927;1.2942165390000042
tyrol;tyrol/eventshape.ttl;15;;
tyrol;tyrol/financialserviceshape.ttl;15;0.6072125940000035;0.6324384350000116
tyrol;tyrol/foodestablishmentshape.ttl;15;0.9545354699999962;0.9625892069999935
tyrol;tyrol/geocoordinatesshape.ttl;15;44.17375961799999;45.418926961999986
tyrol;tyrol/geoshapeshape.ttl;15;2.67627697799999;2.8371769320000055
tyrol;tyrol/golfcourseshape.ttl;15;0.24929839300000367;0.2638267629999973
tyrol;tyrol/governmentbuildingshape.ttl;15;0.3388328660000042;0.35839703499999587
tyrol;tyrol/healthandbeautybusinessshape.ttl;15;1.2648927420000007;1.3190158450000098
tyrol;tyrol/hotelshape.ttl;15;;
tyrol;tyrol/icecreamshopshape.ttl;15;0.1196647430000013;0.1254477349999945
tyrol;tyrol/imageobjectshape.ttl;15;207.792926969;209.953120196
tyrol;tyrol/lakebodyofwatershape.ttl;15;0.08962956199999894;0.09669670600000302
tyrol;tyrol/landmarksorhistoricalbuildingsshape.ttl;15;0.09899389199999575;0.10727730099999633
tyrol;tyrol/libraryshape.ttl;15;0.07770909100000267;0.08209984799999859
tyrol;tyrol/localbusinesshape.ttl;15;;
tyrol;tyrol/locationfeaturespecificationshape.ttl;15;29.105257934999997;31.80011937200001
tyrol;tyrol/movietheathershape.ttl;15;0.01633557300000632;0.017005462000000193
tyrol;tyrol/offershape.ttl;15;34.52921936899999;36.062086392
tyrol;tyrol/openinghoursspecificationshape.ttl;15;8.590142409999999;9.39201542699999
tyrol;tyrol/organizationshape.ttl;15;2.4362507810000125;2.506140676000001
tyrol;tyrol/parkshape.ttl;15;0.04679728700000396;0.04890885199999673
tyrol;tyrol/personshape.ttl;15;0.3528562470000054;0.3776770740000046
tyrol;tyrol/placeshape.ttl;15;58.687679851;63.03104019300001
tyrol;tyrol/postaladdressshape.ttl;15;52.33744028799998;54.567351354999985
tyrol;tyrol/ratingshape.ttl;15;0.10571685799999386;0.11401767899999982
tyrol;tyrol/restaurantshape.ttl;15;7.839824571999998;8.25268766100001
tyrol;tyrol/serviceshape.ttl;15;0.30855295500001034;0.3198363079999922
tyrol;tyrol/skiresortshape.ttl;15;2.3341393130000085;2.4380646800000108
tyrol;tyrol/sportsactivityshape.ttl;15;14.137897716999987;15.185034563000002
tyrol;tyrol/storeshape.ttl;15;0.005070907999993324;0.005009146999995551
tyrol;tyrol/touristattractionshape.ttl;15;1.0184092439999972;1.057017829000003
tyrol;tyrol/touristinformationcentershape.ttl;15;0.258588649999993;0.2640305939999905
tyrol;tyrol/travelactionshape.ttl;15;0.5830854650000106;0.5995541089999961
tyrol;tyrol/wineryshape.ttl;15;0.1602696409999993;0.1644451920000023
