size;shape;run;validation_time;extraction_time
1;tyrol/aggregateratingshape.ttl;1;0.0011847569999972052;0.0012377349999965759
1;tyrol/airportshape.ttl;1;0.056122285999997246;0.058097328999998865
1;tyrol/amusementparkshape.ttl;1;0.10182699799999995;0.10824812799999961
1;tyrol/automotivebusinessshape.ttl;1;0.43580517000000185;0.4558059350000008
1;tyrol/bakeryshape.ttl;1;0.5028892039999988;0.5193340980000016
1;tyrol/bankorcreditunionshape.ttl;1;0.21337503400000202;0.2192663820000007
1;tyrol/barorpubshape.ttl;1;2.716380597000004;2.7908014140000006
1;tyrol/beachshape.ttl;1;0.03707281799999862;0.038848164000000907
1;tyrol/bodyofwatershape.ttl;1;0.10253261300000105;0.10831942100000447
1;tyrol/bowlingalleyshape.ttl;1;0.004719047999998338;0.004641540000001498
1;tyrol/busstationshape.ttl;1;0.020760209999998835;0.02081489900000122
1;tyrol/busstop.ttl;1;0.08920301799999919;0.09333022600000618
1;tyrol/cafeorcoffeeshopshape.ttl;1;2.4144813670000005;2.527936638
1;tyrol/campgroundshape.ttl;1;0.1531026409999967;0.15972386700000385
1;tyrol/childcarepath.ttl;1;0.24668899200000283;0.2664756389999994
1;tyrol/churchshape.ttl;1;0.33103378799999916;0.34596576799999923
1;tyrol/cityhallshape.ttl;1;0.06148273299999829;0.06441617399999444
1;tyrol/civicstructureshape.ttl;1;1.700705991999996;1.8026817359999967
1;tyrol/contactpointshape.ttl;1;5.273661756999999;5.456682902999994
1;tyrol/drycleaningorlaundryshape.ttl;1;0.6649995470000007;0.6995065409999981
1;tyrol/educationalorganizationshape.ttl;1;0.40899662500000034;0.43093643699999973
1;tyrol/emergencyserviceshape.ttl;1;0.1029165309999982;0.10931254100000132
1;tyrol/entertainmentbusinessshape.ttl;1;0.9211403289999964;0.9762595730000001
1;tyrol/eventshape.ttl;1;;
1;tyrol/financialserviceshape.ttl;1;0.4576139380000015;0.47284651599999705
1;tyrol/foodestablishmentshape.ttl;1;0.6869114220000014;0.7282591740000015
1;tyrol/geocoordinatesshape.ttl;1;33.48803992999999;34.300552145
1;tyrol/geoshapeshape.ttl;1;2.0595343319999984;2.142952393999998
1;tyrol/golfcourseshape.ttl;1;0.1855034839999945;0.19455486200000394
1;tyrol/governmentbuildingshape.ttl;1;0.2590918800000068;0.2847259380000011
1;tyrol/healthandbeautybusinessshape.ttl;1;0.9380811010000016;0.9769904199999999
1;tyrol/hotelshape.ttl;1;;
1;tyrol/icecreamshopshape.ttl;1;0.09030683000000295;0.09367804399999358
1;tyrol/imageobjectshape.ttl;1;148.65457705;155.772512319
1;tyrol/lakebodyofwatershape.ttl;1;0.06656724799999836;0.08004436400000259
1;tyrol/landmarksorhistoricalbuildingsshape.ttl;1;0.08000396999999992;0.08307375700000108
1;tyrol/libraryshape.ttl;1;0.061216416999997136;0.06340537700000226
1;tyrol/localbusinesshape.ttl;1;;
1;tyrol/locationfeaturespecificationshape.ttl;1;21.018684472999993;23.636038088
1;tyrol/movietheathershape.ttl;1;0.014058206000001405;0.025231728999997927
1;tyrol/offershape.ttl;1;23.996063059;25.171651306
1;tyrol/openinghoursspecificationshape.ttl;1;7.252430272000005;7.917539886
1;tyrol/organizationshape.ttl;1;1.739441737;1.831435257999999
1;tyrol/parkshape.ttl;1;0.03590386099999421;0.037404833000003634
1;tyrol/personshape.ttl;1;0.26974684600000387;0.28758558999999906
1;tyrol/placeshape.ttl;1;46.385396571;47.672869595
1;tyrol/postaladdressshape.ttl;1;37.70372265300001;39.360795083999996
1;tyrol/ratingshape.ttl;1;0.11012297400000648;0.11514140700000297
1;tyrol/restaurantshape.ttl;1;5.343103339999999;5.596077002000001
1;tyrol/serviceshape.ttl;1;0.2204213720000041;0.23176802199999713
1;tyrol/skiresortshape.ttl;1;1.7197607599999998;1.8229605049999975
1;tyrol/sportsactivityshape.ttl;1;10.718536418;11.388958238
1;tyrol/storeshape.ttl;1;0.0047573750000040604;0.004755185000000495
1;tyrol/touristattractionshape.ttl;1;0.7434238419999986;0.7785965409999989
1;tyrol/touristinformationcentershape.ttl;1;0.19192413700000088;0.20151844299999766
1;tyrol/travelactionshape.ttl;1;0.4030879479999996;0.418100950000003
1;tyrol/wineryshape.ttl;1;0.11743422699999684;0.13412345399999737
1;tyrol/aggregateratingshape.ttl;2;0.001245131999993987;0.0012350290000000541
1;tyrol/airportshape.ttl;2;0.055653725000006204;0.05786806799999766
1;tyrol/amusementparkshape.ttl;2;0.10413551000000609;0.10729824999999948
1;tyrol/automotivebusinessshape.ttl;2;0.4389281409999981;0.45205001200000083
1;tyrol/bakeryshape.ttl;2;0.5006915080000027;0.5248584019999996
1;tyrol/bankorcreditunionshape.ttl;2;0.21320231400000011;0.221811265999996
1;tyrol/barorpubshape.ttl;2;2.6814190070000024;2.8211065140000002
1;tyrol/beachshape.ttl;2;0.03701273899999791;0.03881929199999945
1;tyrol/bodyofwatershape.ttl;2;0.10497016300000439;0.10982967599999682
1;tyrol/bowlingalleyshape.ttl;2;0.004705167999993876;0.004705549000000531
1;tyrol/busstationshape.ttl;2;0.020499655000001837;0.021050030999994362
1;tyrol/busstop.ttl;2;0.08950832099999673;0.09351750700000139
1;tyrol/cafeorcoffeeshopshape.ttl;2;2.410846456999998;2.5327963399999973
1;tyrol/campgroundshape.ttl;2;0.15469241899999986;0.1612272939999997
1;tyrol/childcarepath.ttl;2;0.2473460739999993;0.2663545650000003
1;tyrol/churchshape.ttl;2;0.3251470060000017;0.34471201899999926
1;tyrol/cityhallshape.ttl;2;0.06138141699999977;0.0645338940000002
1;tyrol/civicstructureshape.ttl;2;1.6905195490000011;1.8071011680000026
1;tyrol/contactpointshape.ttl;2;5.2188207009999985;5.563621900000001
1;tyrol/drycleaningorlaundryshape.ttl;2;0.6703441979999951;0.6940679490000008
1;tyrol/educationalorganizationshape.ttl;2;0.41140070800000217;0.4351667529999972
1;tyrol/emergencyserviceshape.ttl;2;0.1041846150000012;0.10805514199999777
1;tyrol/entertainmentbusinessshape.ttl;2;0.9266413219999947;0.9697149610000011
1;tyrol/eventshape.ttl;2;;
1;tyrol/financialserviceshape.ttl;2;0.45108861700000347;0.47505343200000283
1;tyrol/foodestablishmentshape.ttl;2;0.6834349129999993;0.7350262670000021
1;tyrol/geocoordinatesshape.ttl;2;32.999407999;34.477269659
1;tyrol/geoshapeshape.ttl;2;2.0655557290000033;2.136210131999995
1;tyrol/golfcourseshape.ttl;2;0.18592414200000462;0.19342819100000241
1;tyrol/governmentbuildingshape.ttl;2;0.26246915299999785;0.2746760650000013
1;tyrol/healthandbeautybusinessshape.ttl;2;0.9426029349999965;0.9859426740000004
1;tyrol/hotelshape.ttl;2;;
1;tyrol/icecreamshopshape.ttl;2;0.09094316499999877;0.09497894399999751
1;tyrol/imageobjectshape.ttl;2;145.762109087;158.22882180000002
1;tyrol/lakebodyofwatershape.ttl;2;0.06712063399999835;0.06975298900000126
1;tyrol/landmarksorhistoricalbuildingsshape.ttl;2;0.07828433600000295;0.09394499199999728
1;tyrol/libraryshape.ttl;2;0.061413799000000324;0.06431985599999734
1;tyrol/localbusinesshape.ttl;2;;
1;tyrol/locationfeaturespecificationshape.ttl;2;21.384893690999995;23.215003615000008
1;tyrol/movietheathershape.ttl;2;0.01422547399999985;0.014493221999998696
1;tyrol/offershape.ttl;2;23.924753603000006;24.918518755
1;tyrol/openinghoursspecificationshape.ttl;2;7.512027320000001;7.8523724470000005
1;tyrol/organizationshape.ttl;2;1.765400956999997;1.8361243069999986
1;tyrol/parkshape.ttl;2;0.035786872000002745;0.037425224999999784
1;tyrol/personshape.ttl;2;0.26811443700000126;0.29398592599999773
1;tyrol/placeshape.ttl;2;46.500999328999995;47.402165757000006
1;tyrol/postaladdressshape.ttl;2;38.021654213999994;39.370724145
1;tyrol/ratingshape.ttl;2;0.11050057299999594;0.11707680700000367
1;tyrol/restaurantshape.ttl;2;5.372574920999995;5.575260960000001
1;tyrol/serviceshape.ttl;2;0.22031337099999604;0.2280891220000001
1;tyrol/skiresortshape.ttl;2;1.7192484340000007;1.8258948160000017
1;tyrol/sportsactivityshape.ttl;2;10.844117129999994;11.349268705999997
1;tyrol/storeshape.ttl;2;0.004779872000000296;0.004772799999997801
1;tyrol/touristattractionshape.ttl;2;0.7416294379999968;0.7906477880000011
1;tyrol/touristinformationcentershape.ttl;2;0.1930387810000056;0.20307909699999982
1;tyrol/travelactionshape.ttl;2;0.40836563700000283;0.42873385100000405
1;tyrol/wineryshape.ttl;2;0.11715059799999494;0.12443643799999649
1;tyrol/aggregateratingshape.ttl;3;0.0012212529999970911;0.0012187430000025756
1;tyrol/airportshape.ttl;3;0.05564487700000598;0.05773490199999998
1;tyrol/amusementparkshape.ttl;3;0.1038999759999939;0.10775980699999366
1;tyrol/automotivebusinessshape.ttl;3;0.44016809000000023;0.45268709699999476
1;tyrol/bakeryshape.ttl;3;0.508649694000006;0.5439222490000049
1;tyrol/bankorcreditunionshape.ttl;3;0.2122044460000012;0.22139439000000039
1;tyrol/barorpubshape.ttl;3;2.7048179370000014;2.8603576410000002
1;tyrol/beachshape.ttl;3;0.037216448999998875;0.03860708500000243
1;tyrol/bodyofwatershape.ttl;3;0.1049250400000048;0.11946259799999837
1;tyrol/bowlingalleyshape.ttl;3;0.004707922999998004;0.004647357000003183
1;tyrol/busstationshape.ttl;3;0.020504393999999593;0.020976894999996887
1;tyrol/busstop.ttl;3;0.08806039299999924;0.09317216699999875
1;tyrol/cafeorcoffeeshopshape.ttl;3;2.3823211750000013;2.530530908000003
1;tyrol/campgroundshape.ttl;3;0.1520703300000008;0.15963307200000543
1;tyrol/childcarepath.ttl;3;0.24373362299999712;0.2582003220000004
1;tyrol/churchshape.ttl;3;0.33037475300000096;0.34645991500000406
1;tyrol/cityhallshape.ttl;3;0.06050263700000613;0.06378002400000327
1;tyrol/civicstructureshape.ttl;3;1.690142182999999;1.8059980450000026
1;tyrol/contactpointshape.ttl;3;5.306973101000004;5.458350048
1;tyrol/drycleaningorlaundryshape.ttl;3;0.6664817550000066;0.700773624
1;tyrol/educationalorganizationshape.ttl;3;0.4129681119999944;0.43438999199999984
1;tyrol/emergencyserviceshape.ttl;3;0.10296074699999735;0.10719172900000018
1;tyrol/entertainmentbusinessshape.ttl;3;0.9247902359999998;0.986755266000003
1;tyrol/eventshape.ttl;3;;
1;tyrol/financialserviceshape.ttl;3;0.45411756600000075;0.472220820000004
1;tyrol/foodestablishmentshape.ttl;3;0.6816260829999976;0.7168159840000001
1;tyrol/geocoordinatesshape.ttl;3;33.343964535000005;34.292719559000005
1;tyrol/geoshapeshape.ttl;3;2.013430421999999;2.1371301229999986
1;tyrol/golfcourseshape.ttl;3;0.18717963199999588;0.19541107199999885
1;tyrol/governmentbuildingshape.ttl;3;0.25966648099999645;0.2745122319999993
1;tyrol/healthandbeautybusinessshape.ttl;3;0.9264244380000051;0.9700554829999959
1;tyrol/hotelshape.ttl;3;;
1;tyrol/icecreamshopshape.ttl;3;0.09097372000000092;0.09445235999999824
1;tyrol/imageobjectshape.ttl;3;144.879357491;158.340953221
1;tyrol/lakebodyofwatershape.ttl;3;0.0672563970000013;0.0696224279999953
1;tyrol/landmarksorhistoricalbuildingsshape.ttl;3;0.07994134300000155;0.08300499000000627
1;tyrol/libraryshape.ttl;3;0.06126383299999816;0.06415172399999847
1;tyrol/localbusinesshape.ttl;3;;
1;tyrol/locationfeaturespecificationshape.ttl;3;21.451894019999997;23.469041439999998
1;tyrol/movietheathershape.ttl;3;0.014159230000004186;0.014442082000002188
1;tyrol/offershape.ttl;3;23.737006205999997;24.64294822400001
1;tyrol/openinghoursspecificationshape.ttl;3;7.542110899999997;7.847379416999999
1;tyrol/organizationshape.ttl;3;1.7723684059999982;1.8382511259999958
1;tyrol/parkshape.ttl;3;0.03617917799999759;0.03744453000000192
1;tyrol/personshape.ttl;3;0.2732635379999948;0.28618493000000456
1;tyrol/placeshape.ttl;3;46.107399576;48.279551145
1;tyrol/postaladdressshape.ttl;3;37.924764184999994;39.255971912
1;tyrol/ratingshape.ttl;3;0.11078726800000283;0.11631648100000547
1;tyrol/restaurantshape.ttl;3;5.304914094000004;5.484721753999999
1;tyrol/serviceshape.ttl;3;0.22155106099999955;0.22888525399999793
1;tyrol/skiresortshape.ttl;3;1.7569086390000024;1.8455727240000002
1;tyrol/sportsactivityshape.ttl;3;10.785763939000006;11.239924590000001
1;tyrol/storeshape.ttl;3;0.004852360000000999;0.004785876999996219
1;tyrol/touristattractionshape.ttl;3;0.7401240710000039;0.7834354610000034
1;tyrol/touristinformationcentershape.ttl;3;0.19387340199999414;0.20216833900000353
1;tyrol/travelactionshape.ttl;3;0.39547101400000173;0.4164977439999973
1;tyrol/wineryshape.ttl;3;0.1168848940000018;0.12274746299999606
1;tyrol/aggregateratingshape.ttl;4;0.001177605999998832;0.0012291629999978682
1;tyrol/airportshape.ttl;4;0.05501749299999403;0.05769877600000228
1;tyrol/amusementparkshape.ttl;4;0.102609539999996;0.10667172000000136
1;tyrol/automotivebusinessshape.ttl;4;0.439504368999998;0.4656418610000017
1;tyrol/bakeryshape.ttl;4;0.5031149970000044;0.5232532690000014
1;tyrol/bankorcreditunionshape.ttl;4;0.21357598299999836;0.22279856600000159
1;tyrol/barorpubshape.ttl;4;2.725474594000005;2.8452319510000024
1;tyrol/beachshape.ttl;4;0.03812808100000353;0.03895456299999722
1;tyrol/bodyofwatershape.ttl;4;0.10349010499999878;0.1088899059999946
1;tyrol/bowlingalleyshape.ttl;4;0.00468060800000103;0.004618002000000843
1;tyrol/busstationshape.ttl;4;0.020545243999997354;0.021282603999999594
1;tyrol/busstop.ttl;4;0.089799100999997;0.0933333790000006
1;tyrol/cafeorcoffeeshopshape.ttl;4;2.375069402000001;2.4961141
1;tyrol/campgroundshape.ttl;4;0.15341605599999752;0.16135391899999973
1;tyrol/childcarepath.ttl;4;0.24593944400000112;0.2577239920000025
1;tyrol/churchshape.ttl;4;0.33095559600000257;0.3541152479999994
1;tyrol/cityhallshape.ttl;4;0.061752683000001696;0.06357084400000446
1;tyrol/civicstructureshape.ttl;4;1.7081322829999976;1.7966096720000024
1;tyrol/contactpointshape.ttl;4;5.322682108000002;5.5043491630000005
1;tyrol/drycleaningorlaundryshape.ttl;4;0.6685155999999992;0.6919303990000003
1;tyrol/educationalorganizationshape.ttl;4;0.4053982499999975;0.4247162410000058
1;tyrol/emergencyserviceshape.ttl;4;0.10230097400000204;0.10718935300000254
1;tyrol/entertainmentbusinessshape.ttl;4;0.9275925130000005;0.9669894810000059
1;tyrol/eventshape.ttl;4;;
1;tyrol/financialserviceshape.ttl;4;0.44780807600000117;0.47256626800000134
1;tyrol/foodestablishmentshape.ttl;4;0.6924844609999994;0.7195555959999993
1;tyrol/geocoordinatesshape.ttl;4;33.312647266000006;34.147236614
1;tyrol/geoshapeshape.ttl;4;2.054144714000003;2.1418279739999946
1;tyrol/golfcourseshape.ttl;4;0.18889917699999614;0.19615514800000255
1;tyrol/governmentbuildingshape.ttl;4;0.2590881769999953;0.27307955500000247
1;tyrol/healthandbeautybusinessshape.ttl;4;0.9279525809999996;0.970660033999998
1;tyrol/hotelshape.ttl;4;;
1;tyrol/icecreamshopshape.ttl;4;0.09039951999999829;0.09387917500000498
1;tyrol/imageobjectshape.ttl;4;148.769789938;157.52235828300002
1;tyrol/lakebodyofwatershape.ttl;4;0.06658457199999646;0.06834381699999881
1;tyrol/landmarksorhistoricalbuildingsshape.ttl;4;0.07881773999999808;0.0824356760000029
1;tyrol/libraryshape.ttl;4;0.060497040000001334;0.06418503700000144
1;tyrol/localbusinesshape.ttl;4;;
1;tyrol/locationfeaturespecificationshape.ttl;4;20.972621862999993;23.456979252999993
1;tyrol/movietheathershape.ttl;4;0.014049419999999202;0.014635543000004247
1;tyrol/offershape.ttl;4;23.773264007999998;24.371557329999995
1;tyrol/openinghoursspecificationshape.ttl;4;7.482891532000004;7.901548271999999
1;tyrol/organizationshape.ttl;4;1.7712553789999959;1.8408116149999998
1;tyrol/parkshape.ttl;4;0.03594107199999996;0.03693493400000136
1;tyrol/personshape.ttl;4;0.26754894999999834;0.2894291260000017
1;tyrol/placeshape.ttl;4;46.095055810000005;48.632398921000004
1;tyrol/postaladdressshape.ttl;4;38.029302541999996;39.50603996499999
1;tyrol/ratingshape.ttl;4;0.11183702800000361;0.1165688110000005
1;tyrol/restaurantshape.ttl;4;5.389370289999995;5.585537428000002
1;tyrol/serviceshape.ttl;4;0.21926142900000656;0.230416077000001
1;tyrol/skiresortshape.ttl;4;1.7486530580000021;1.801824357000001
1;tyrol/sportsactivityshape.ttl;4;10.705433374999998;11.121928830999998
1;tyrol/storeshape.ttl;4;0.0048927960000000326;0.00476317200000409
1;tyrol/touristattractionshape.ttl;4;0.7519233000000014;0.8040332389999989
1;tyrol/touristinformationcentershape.ttl;4;0.19171615399999808;0.20099165799999952
1;tyrol/travelactionshape.ttl;4;0.39730575799999457;0.422395434000002
1;tyrol/wineryshape.ttl;4;0.118584251999998;0.1222934620000018
1;tyrol/aggregateratingshape.ttl;5;0.0011831269999973415;0.0012338549999952875
1;tyrol/airportshape.ttl;5;0.05579644600000222;0.05825728599999991
1;tyrol/amusementparkshape.ttl;5;0.10394527100000062;0.10695090600000157
1;tyrol/automotivebusinessshape.ttl;5;0.4318687959999963;0.4558075389999985
1;tyrol/bakeryshape.ttl;5;0.4998374159999983;0.5290641980000004
1;tyrol/bankorcreditunionshape.ttl;5;0.21273937499999818;0.22274590199999977
1;tyrol/barorpubshape.ttl;5;2.6823386160000027;2.8460224450000027
1;tyrol/beachshape.ttl;5;0.03769809899999643;0.038606606999998405
1;tyrol/bodyofwatershape.ttl;5;0.10449579400000175;0.10852442499999881
1;tyrol/bowlingalleyshape.ttl;5;0.004801755000002572;0.0046482910000023026
1;tyrol/busstationshape.ttl;5;0.020365554999997926;0.021001007999998933
1;tyrol/busstop.ttl;5;0.08879642199999438;0.09346977100000231
1;tyrol/cafeorcoffeeshopshape.ttl;5;2.4147851589999973;2.5107895189999994
1;tyrol/campgroundshape.ttl;5;0.15352899100000172;0.16009704799999724
1;tyrol/childcarepath.ttl;5;0.24365580899999628;0.2562088510000038
1;tyrol/churchshape.ttl;5;0.3329619860000008;0.34256993000000335
1;tyrol/cityhallshape.ttl;5;0.06073702399999803;0.0645059539999977
1;tyrol/civicstructureshape.ttl;5;1.7290806070000002;1.7983812720000003
1;tyrol/contactpointshape.ttl;5;5.306859280000005;5.5373491470000005
1;tyrol/drycleaningorlaundryshape.ttl;5;0.6714887020000049;0.7093445049999971
1;tyrol/educationalorganizationshape.ttl;5;0.412229988;0.43882335900000413
1;tyrol/emergencyserviceshape.ttl;5;0.1017928810000015;0.10807143899999971
1;tyrol/entertainmentbusinessshape.ttl;5;0.9299943609999985;0.9811000849999942
1;tyrol/eventshape.ttl;5;;
1;tyrol/financialserviceshape.ttl;5;0.4558448290000001;0.4890969079999934
1;tyrol/foodestablishmentshape.ttl;5;0.6892309489999988;0.729305152000002
1;tyrol/geocoordinatesshape.ttl;5;33.616623303000004;34.20149163599999
1;tyrol/geoshapeshape.ttl;5;2.0642885239999984;2.141131130000005
1;tyrol/golfcourseshape.ttl;5;0.1862253179999982;0.2088781630000014
1;tyrol/governmentbuildingshape.ttl;5;0.2599381459999961;0.27263588699999985
1;tyrol/healthandbeautybusinessshape.ttl;5;0.9402327620000008;0.9856654589999962
1;tyrol/hotelshape.ttl;5;;
1;tyrol/icecreamshopshape.ttl;5;0.0907274739999977;0.09299183099999908
1;tyrol/imageobjectshape.ttl;5;148.878126564;158.685743796
1;tyrol/lakebodyofwatershape.ttl;5;0.06649792000000332;0.0701828160000062
1;tyrol/landmarksorhistoricalbuildingsshape.ttl;5;0.07799342999999936;0.0833980390000022
1;tyrol/libraryshape.ttl;5;0.060846552000001;0.06352724399999943
1;tyrol/localbusinesshape.ttl;5;;
1;tyrol/locationfeaturespecificationshape.ttl;5;21.28269196400001;23.705694044000005
1;tyrol/movietheathershape.ttl;5;0.014082695999995565;0.014430165000000272
1;tyrol/offershape.ttl;5;23.926349181;24.42828148800001
1;tyrol/openinghoursspecificationshape.ttl;5;7.4317515830000005;7.864331872999998
1;tyrol/organizationshape.ttl;5;1.7429161129999997;1.8385493990000015
1;tyrol/parkshape.ttl;5;0.03569492799999807;0.03770990800000362
1;tyrol/personshape.ttl;5;0.2697389329999993;0.2990654349999957
1;tyrol/placeshape.ttl;5;46.533647167999995;48.045128791
1;tyrol/postaladdressshape.ttl;5;37.996581006;39.45262348200001
1;tyrol/ratingshape.ttl;5;0.11096016699999467;0.11440520300000401
1;tyrol/restaurantshape.ttl;5;5.399318892000004;5.580735754000003
1;tyrol/serviceshape.ttl;5;0.22229095600000193;0.22896114799999623
1;tyrol/skiresortshape.ttl;5;1.740693002999997;1.8406557910000032
1;tyrol/sportsactivityshape.ttl;5;10.652219543999998;11.267293035000009
1;tyrol/storeshape.ttl;5;0.0047656269999976075;0.004757856000004779
1;tyrol/touristattractionshape.ttl;5;0.7493820259999993;0.7987263200000001
1;tyrol/touristinformationcentershape.ttl;5;0.19159418000000272;0.2013596150000012
1;tyrol/travelactionshape.ttl;5;0.40224483800000144;0.43211056900000244
1;tyrol/wineryshape.ttl;5;0.1192775920000031;0.12208813899999882
2;tyrol/aggregateratingshape.ttl;1;0.0011853999999971165;0.0012221030000034716
2;tyrol/airportshape.ttl;1;0.05606690700000172;0.057749501000003534
2;tyrol/amusementparkshape.ttl;1;0.10198591699999326;0.10661095999999759
2;tyrol/automotivebusinessshape.ttl;1;0.43575269000000105;0.4545224459999986
2;tyrol/bakeryshape.ttl;1;0.501817568000007;0.5390517899999878
2;tyrol/bankorcreditunionshape.ttl;1;0.21483476599999562;0.22442995700001234
2;tyrol/barorpubshape.ttl;1;2.691537429999997;2.8167852259999933
2;tyrol/beachshape.ttl;1;0.03760684800001002;0.03863575999999114
2;tyrol/bodyofwatershape.ttl;1;0.10317598799998962;0.10793668899999886
2;tyrol/bowlingalleyshape.ttl;1;0.005191404999990823;0.0046325940000002674
2;tyrol/busstationshape.ttl;1;0.020506472999997527;0.02157546099999763
2;tyrol/busstop.ttl;1;0.08963172400000019;0.09291631300000347
2;tyrol/cafeorcoffeeshopshape.ttl;1;2.4239749550000056;2.536029329999991
2;tyrol/campgroundshape.ttl;1;0.15309544799998775;0.1583816380000087
2;tyrol/childcarepath.ttl;1;0.24259037899999214;0.2642914979999915
2;tyrol/churchshape.ttl;1;0.329231852999996;0.34816389000000925
2;tyrol/cityhallshape.ttl;1;0.061685447000002114;0.06366915700000675
2;tyrol/civicstructureshape.ttl;1;1.6974680769999964;1.8123800070000016
2;tyrol/contactpointshape.ttl;1;5.6263439269999935;5.85060007700001
2;tyrol/drycleaningorlaundryshape.ttl;1;0.6767622659999972;0.7205893040000007
2;tyrol/educationalorganizationshape.ttl;1;0.4174873350000041;0.4297193260000114
2;tyrol/emergencyserviceshape.ttl;1;0.10293625299999576;0.10735753400000192
2;tyrol/entertainmentbusinessshape.ttl;1;0.9302096079999984;0.9672243520000023
2;tyrol/eventshape.ttl;1;;
2;tyrol/financialserviceshape.ttl;1;0.4530684409999992;0.47815313200000276
2;tyrol/foodestablishmentshape.ttl;1;0.6818824799999987;0.711064559999997
2;tyrol/geocoordinatesshape.ttl;1;318.371800647;332.246987751
2;tyrol/geoshapeshape.ttl;1;2.1289510610000093;2.245451623000008
2;tyrol/golfcourseshape.ttl;1;0.18766191899999285;0.1953374990000043
2;tyrol/governmentbuildingshape.ttl;1;0.262353504999993;0.28183130099999687
2;tyrol/healthandbeautybusinessshape.ttl;1;0.9394610290000003;0.981750851000001
2;tyrol/hotelshape.ttl;1;;
2;tyrol/icecreamshopshape.ttl;1;0.0897077710000076;0.09356319800001245
2;tyrol/imageobjectshape.ttl;1;798.823798514;831.213961643
2;tyrol/lakebodyofwatershape.ttl;1;0.06745510900000795;0.06961086100000102
2;tyrol/landmarksorhistoricalbuildingsshape.ttl;1;0.079092892999995;0.08418159300001093
2;tyrol/libraryshape.ttl;1;0.06174221399999169;0.06393561000000147
2;tyrol/localbusinesshape.ttl;1;;
2;tyrol/locationfeaturespecificationshape.ttl;1;21.838834418000005;22.344735225999997
2;tyrol/movietheathershape.ttl;1;0.014172240000007719;0.01435411199999237
2;tyrol/offershape.ttl;1;23.865809780000006;24.651427957999985
2;tyrol/openinghoursspecificationshape.ttl;1;7.579965172000001;8.019227893000007
2;tyrol/organizationshape.ttl;1;1.7696056890000023;1.847078585999995
2;tyrol/parkshape.ttl;1;0.036233610000010685;0.03721658800000682
2;tyrol/personshape.ttl;1;0.2712351510000133;0.28773065100000395
2;tyrol/placeshape.ttl;1;708.7547730800001;744.639874113
2;tyrol/postaladdressshape.ttl;1;480.78232672200005;505.026941341
2;tyrol/ratingshape.ttl;1;0.12245499799999493;0.1283376939999954
2;tyrol/restaurantshape.ttl;1;5.360354169000004;5.627531155
2;tyrol/serviceshape.ttl;1;0.22085495700000024;0.22420372599999894
2;tyrol/skiresortshape.ttl;1;1.7114501190000055;1.8478176389999987
2;tyrol/sportsactivityshape.ttl;1;10.705170808999995;11.579050711999997
2;tyrol/storeshape.ttl;1;0.005383649999998852;0.004767157000003408
2;tyrol/touristattractionshape.ttl;1;0.7478422929999908;0.7864730790000038
2;tyrol/touristinformationcentershape.ttl;1;0.19041160300000115;0.20634271800000192
2;tyrol/travelactionshape.ttl;1;0.4910951860000097;0.5149823429999998
2;tyrol/wineryshape.ttl;1;0.11930433399999174;0.12288087700000005
2;tyrol/aggregateratingshape.ttl;2;0.001175779999996962;0.0011700750000045446
2;tyrol/airportshape.ttl;2;0.05528294900000219;0.05786028299999657
2;tyrol/amusementparkshape.ttl;2;0.10154391799999019;0.10790548399999977
2;tyrol/automotivebusinessshape.ttl;2;0.43383987800000057;0.45290732700000547
2;tyrol/bakeryshape.ttl;2;0.49835412400000223;0.523615766000006
2;tyrol/bankorcreditunionshape.ttl;2;0.2141099599999876;0.22473100300000226
2;tyrol/barorpubshape.ttl;2;2.7085704659999976;2.8123113649999993
2;tyrol/beachshape.ttl;2;0.036725845999995954;0.038853590000002214
2;tyrol/bodyofwatershape.ttl;2;0.10385489300000472;0.10881572699999253
2;tyrol/bowlingalleyshape.ttl;2;0.0052186019999993505;0.004619469000004983
2;tyrol/busstationshape.ttl;2;0.020517712000000188;0.021119349000002785
2;tyrol/busstop.ttl;2;0.08951693200000932;0.09313577800000417
2;tyrol/cafeorcoffeeshopshape.ttl;2;2.3875311940000046;2.506717463000001
2;tyrol/campgroundshape.ttl;2;0.15300987400000565;0.1598309249999943
2;tyrol/childcarepath.ttl;2;0.24443304399999022;0.25702226499998915
2;tyrol/churchshape.ttl;2;0.329480808999989;0.3517400240000086
2;tyrol/cityhallshape.ttl;2;0.06118657600001143;0.0642191360000055
2;tyrol/civicstructureshape.ttl;2;1.7105145179999965;1.7730664190000027
2;tyrol/contactpointshape.ttl;2;5.714272307999991;5.763355448999988
2;tyrol/drycleaningorlaundryshape.ttl;2;0.6663930480000033;0.6997543060000027
2;tyrol/educationalorganizationshape.ttl;2;0.41465946900000006;0.4344163299999906
2;tyrol/emergencyserviceshape.ttl;2;0.10339479200000312;0.10772440699999208
2;tyrol/entertainmentbusinessshape.ttl;2;0.9355727530000024;0.9748385800000108
2;tyrol/eventshape.ttl;2;;
2;tyrol/financialserviceshape.ttl;2;0.4542595660000046;0.4713455850000088
2;tyrol/foodestablishmentshape.ttl;2;0.6888982060000046;0.7197517609999977
2;tyrol/geocoordinatesshape.ttl;2;318.771023469;335.388139628
2;tyrol/geoshapeshape.ttl;2;2.124001218999993;2.215679369
2;tyrol/golfcourseshape.ttl;2;0.18564489099999548;0.19707451099999673
2;tyrol/governmentbuildingshape.ttl;2;0.2601169650000088;0.29300542199999313
2;tyrol/healthandbeautybusinessshape.ttl;2;0.937363910000002;0.9971305720000032
2;tyrol/hotelshape.ttl;2;;
2;tyrol/icecreamshopshape.ttl;2;0.0913289429999935;0.09333029900000156
2;tyrol/imageobjectshape.ttl;2;817.6543813650001;849.1528265750001
2;tyrol/lakebodyofwatershape.ttl;2;0.06705943599999387;0.06959983299999806
2;tyrol/landmarksorhistoricalbuildingsshape.ttl;2;0.07935303000000715;0.0816174380000092
2;tyrol/libraryshape.ttl;2;0.0608928629999923;0.0636546930000037
2;tyrol/localbusinesshape.ttl;2;;
2;tyrol/locationfeaturespecificationshape.ttl;2;21.818633487000014;22.613106469
2;tyrol/movietheathershape.ttl;2;0.014231266999999548;0.014417624999992995
2;tyrol/offershape.ttl;2;24.030443574000003;24.939717395000017
2;tyrol/openinghoursspecificationshape.ttl;2;7.421335916999993;8.192737948000001
2;tyrol/organizationshape.ttl;2;1.7801368350000075;1.8545881529999946
2;tyrol/parkshape.ttl;2;0.03595507400000031;0.037256405999997355
2;tyrol/personshape.ttl;2;0.2680766289999923;0.2897222640000052
2;tyrol/placeshape.ttl;2;697.338203761;743.413947633
2;tyrol/postaladdressshape.ttl;2;483.83264216799995;506.77394868500005
2;tyrol/ratingshape.ttl;2;0.12265733299999226;0.12775741900000526
2;tyrol/restaurantshape.ttl;2;5.437692119000005;5.582119673999998
2;tyrol/serviceshape.ttl;2;0.2190747279999954;0.22962492799999268
2;tyrol/skiresortshape.ttl;2;1.7322639320000093;1.8444060759999985
2;tyrol/sportsactivityshape.ttl;2;10.694751079;11.224228327999995
2;tyrol/storeshape.ttl;2;0.005241703999999459;0.00467627400000481
2;tyrol/touristattractionshape.ttl;2;0.7460865719999958;0.7866700260000101
2;tyrol/touristinformationcentershape.ttl;2;0.19322386999999708;0.20254940400000976
2;tyrol/travelactionshape.ttl;2;0.49346426399999643;0.5201356879999963
2;tyrol/wineryshape.ttl;2;0.11813389699999277;0.12296033199999101
2;tyrol/aggregateratingshape.ttl;3;0.0011969829999998183;0.0011771770000024162
2;tyrol/airportshape.ttl;3;0.056162251000003494;0.058873433999991676
2;tyrol/amusementparkshape.ttl;3;0.10162911400000496;0.10839568400000132
2;tyrol/automotivebusinessshape.ttl;3;0.43563403599999617;0.45508153599999446
2;tyrol/bakeryshape.ttl;3;0.5065917450000086;0.526871445999987
2;tyrol/bankorcreditunionshape.ttl;3;0.21347703699998988;0.22213594000000114
2;tyrol/barorpubshape.ttl;3;2.6844065549999954;2.814085220999999
2;tyrol/beachshape.ttl;3;0.037014328999987356;0.03873247500000332
2;tyrol/bodyofwatershape.ttl;3;0.10319021099999759;0.10887537199999997
2;tyrol/bowlingalleyshape.ttl;3;0.005190771999991739;0.004597099000008598
2;tyrol/busstationshape.ttl;3;0.02043147800000611;0.02135045800000057
2;tyrol/busstop.ttl;3;0.08847424599998988;0.09408918600000504
2;tyrol/cafeorcoffeeshopshape.ttl;3;2.412175707000003;2.5398103640000045
2;tyrol/campgroundshape.ttl;3;0.15220162800000026;0.16153765399999997
2;tyrol/childcarepath.ttl;3;0.2454166620000109;0.25468816100000424
2;tyrol/churchshape.ttl;3;0.32885886299999356;0.3497281829999963
2;tyrol/cityhallshape.ttl;3;0.06110924499999726;0.06387637899999277
2;tyrol/civicstructureshape.ttl;3;1.7215410169999927;1.8180177829999877
2;tyrol/contactpointshape.ttl;3;5.632925239999992;5.893745663999994
2;tyrol/drycleaningorlaundryshape.ttl;3;0.6759305730000023;0.7143144869999958
2;tyrol/educationalorganizationshape.ttl;3;0.41218922099999133;0.4492106650000096
2;tyrol/emergencyserviceshape.ttl;3;0.10442358800000306;0.10815787900000373
2;tyrol/entertainmentbusinessshape.ttl;3;0.932642389999998;0.9837262260000017
2;tyrol/eventshape.ttl;3;;
2;tyrol/financialserviceshape.ttl;3;0.44774859400000366;0.47363856399999804
2;tyrol/foodestablishmentshape.ttl;3;0.6809059649999938;0.7165222750000027
2;tyrol/geocoordinatesshape.ttl;3;320.154232756;328.615867684
2;tyrol/geoshapeshape.ttl;3;2.1017903359999934;2.250815650000007
2;tyrol/golfcourseshape.ttl;3;0.18833024100000273;0.21549055699999542
2;tyrol/governmentbuildingshape.ttl;3;0.26210288500000445;0.27590678200000696
2;tyrol/healthandbeautybusinessshape.ttl;3;0.9269263519999953;1.001556186000002
2;tyrol/hotelshape.ttl;3;;
2;tyrol/icecreamshopshape.ttl;3;0.08971994099999847;0.09518485399999577
2;tyrol/imageobjectshape.ttl;3;802.65323992;842.210847707
2;tyrol/lakebodyofwatershape.ttl;3;0.06663187799999548;0.06903661500000169
2;tyrol/landmarksorhistoricalbuildingsshape.ttl;3;0.07959286300000201;0.08435863399999732
2;tyrol/libraryshape.ttl;3;0.06034192600000665;0.0642824000000104
2;tyrol/localbusinesshape.ttl;3;;
2;tyrol/locationfeaturespecificationshape.ttl;3;21.818016997;22.68350652699999
2;tyrol/movietheathershape.ttl;3;0.014104246999991688;0.014381950000000643
2;tyrol/offershape.ttl;3;24.218476912000014;24.50916042099999
2;tyrol/openinghoursspecificationshape.ttl;3;7.655266487000006;8.013008682000006
2;tyrol/organizationshape.ttl;3;1.7584767449999958;1.850932917999998
2;tyrol/parkshape.ttl;3;0.03605312199999844;0.03748997299999246
2;tyrol/personshape.ttl;3;0.2652861520000016;0.29013297400000226
2;tyrol/placeshape.ttl;3;695.290589121;733.673116213
2;tyrol/postaladdressshape.ttl;3;481.030159113;507.31447755
2;tyrol/ratingshape.ttl;3;0.12182162300000243;0.1256569600000006
2;tyrol/restaurantshape.ttl;3;5.322682985;5.464812858999991
2;tyrol/serviceshape.ttl;3;0.2236918599999882;0.22832369500000027
2;tyrol/skiresortshape.ttl;3;1.753939743999993;1.8195701490000005
2;tyrol/sportsactivityshape.ttl;3;10.669820384999994;11.25260132599999
2;tyrol/storeshape.ttl;3;0.005356636000001913;0.004709657999995898
2;tyrol/touristattractionshape.ttl;3;0.7594160139999957;0.789251483000001
2;tyrol/touristinformationcentershape.ttl;3;0.19161995400000364;0.2171540169999986
2;tyrol/travelactionshape.ttl;3;0.4936694670000037;0.5200687159999973
2;tyrol/wineryshape.ttl;3;0.11823168600000145;0.12179487400000255
2;tyrol/aggregateratingshape.ttl;4;0.0011771110000040608;0.0012390699999969002
2;tyrol/airportshape.ttl;4;0.05520755199999883;0.057577350000002525
2;tyrol/amusementparkshape.ttl;4;0.10219277999999576;0.10776418700000079
2;tyrol/automotivebusinessshape.ttl;4;0.43436093500000084;0.4713155739999877
2;tyrol/bakeryshape.ttl;4;0.5005910280000023;0.5407269660000082
2;tyrol/bankorcreditunionshape.ttl;4;0.21049762600000577;0.2219831319999912
2;tyrol/barorpubshape.ttl;4;2.7174588409999956;2.8307929919999992
2;tyrol/beachshape.ttl;4;0.03700521300000048;0.03885513999999546
2;tyrol/bodyofwatershape.ttl;4;0.10399678799998924;0.10940232600000854
2;tyrol/bowlingalleyshape.ttl;4;0.005192728000011471;0.0046424979999954985
2;tyrol/busstationshape.ttl;4;0.0201977979999981;0.021172167999992553
2;tyrol/busstop.ttl;4;0.08840551500000515;0.09251697199999853
2;tyrol/cafeorcoffeeshopshape.ttl;4;2.4187281119999966;2.541724134000006
2;tyrol/campgroundshape.ttl;4;0.15295296600000086;0.16499161500000525
2;tyrol/childcarepath.ttl;4;0.24861069499999644;0.25786015500000303
2;tyrol/churchshape.ttl;4;0.32773237899999685;0.3421727610000005
2;tyrol/cityhallshape.ttl;4;0.06124220999998897;0.06403852200000415
2;tyrol/civicstructureshape.ttl;4;1.7111407670000034;1.817537956999999
2;tyrol/contactpointshape.ttl;4;5.578485611999994;5.957000367999996
2;tyrol/drycleaningorlaundryshape.ttl;4;0.6726342729999999;0.7200960109999954
2;tyrol/educationalorganizationshape.ttl;4;0.4157806529999988;0.4276891869999986
2;tyrol/emergencyserviceshape.ttl;4;0.10290867599999842;0.10871427499999697
2;tyrol/entertainmentbusinessshape.ttl;4;0.9266273110000043;0.9806171879999965
2;tyrol/eventshape.ttl;4;;
2;tyrol/financialserviceshape.ttl;4;0.45419498699999394;0.46916063400000496
2;tyrol/foodestablishmentshape.ttl;4;0.688346279000001;0.713658688999999
2;tyrol/geocoordinatesshape.ttl;4;318.85167065200005;335.701042924
2;tyrol/geoshapeshape.ttl;4;2.1107047209999905;2.253956696000003
2;tyrol/golfcourseshape.ttl;4;0.18909560800000236;0.21195649099999514
2;tyrol/governmentbuildingshape.ttl;4;0.259946871000011;0.27321159100000614
2;tyrol/healthandbeautybusinessshape.ttl;4;0.9481736839999968;0.9880579320000038
2;tyrol/hotelshape.ttl;4;;
2;tyrol/icecreamshopshape.ttl;4;0.09135925299999315;0.09451944200000639
2;tyrol/imageobjectshape.ttl;4;804.010182251;852.7682462759999
2;tyrol/lakebodyofwatershape.ttl;4;0.06696411699999771;0.06918547300000455
2;tyrol/landmarksorhistoricalbuildingsshape.ttl;4;0.07952357599999971;0.08227338799999018
2;tyrol/libraryshape.ttl;4;0.06109588600000393;0.0635023389999958
2;tyrol/localbusinesshape.ttl;4;;
2;tyrol/locationfeaturespecificationshape.ttl;4;21.707737488000006;22.351513080999993
2;tyrol/movietheathershape.ttl;4;0.014199449999992453;0.01444659399999182
2;tyrol/offershape.ttl;4;23.957502768999987;24.584624172000005
2;tyrol/openinghoursspecificationshape.ttl;4;7.489926222999998;8.141700306999994
2;tyrol/organizationshape.ttl;4;1.7619291120000042;1.8573682690000055
2;tyrol/parkshape.ttl;4;0.035648381999990875;0.037159506000008946
2;tyrol/personshape.ttl;4;0.27108772900000133;0.2870992449999932
2;tyrol/placeshape.ttl;4;702.273078788;742.294790407
2;tyrol/postaladdressshape.ttl;4;481.07735583799996;506.53097343400003
2;tyrol/ratingshape.ttl;4;0.12107349400000089;0.12560905599998762
2;tyrol/restaurantshape.ttl;4;5.268673770000007;5.606689347
2;tyrol/serviceshape.ttl;4;0.22036906200000317;0.2295446889999937
2;tyrol/skiresortshape.ttl;4;1.7284261279999953;1.8233406989999992
2;tyrol/sportsactivityshape.ttl;4;10.771833921999999;11.294594039000003
2;tyrol/storeshape.ttl;4;0.005308444999997164;0.004696433999995975
2;tyrol/touristattractionshape.ttl;4;0.7549575120000043;0.7985801429999952
2;tyrol/touristinformationcentershape.ttl;4;0.19283560699999214;0.1996276380000097
2;tyrol/travelactionshape.ttl;4;0.49414081000000465;0.5228383030000003
2;tyrol/wineryshape.ttl;4;0.11694370100001095;0.1253313509999998
2;tyrol/aggregateratingshape.ttl;5;0.001167128000005846;0.0011710010000030024
2;tyrol/airportshape.ttl;5;0.05543540799999391;0.05792613400001301
2;tyrol/amusementparkshape.ttl;5;0.10167108299999938;0.10855575299999032
2;tyrol/automotivebusinessshape.ttl;5;0.4332949029999895;0.45357403699999566
2;tyrol/bakeryshape.ttl;5;0.5050166279999928;0.5281586139999916
2;tyrol/bankorcreditunionshape.ttl;5;0.2144994819999937;0.22191993900000284
2;tyrol/barorpubshape.ttl;5;2.718825577000004;2.8356809819999995
2;tyrol/beachshape.ttl;5;0.037583898000008276;0.038655476999991834
2;tyrol/bodyofwatershape.ttl;5;0.10349560100000588;0.10756831700000191
2;tyrol/bowlingalleyshape.ttl;5;0.005161002000008352;0.0046562739999984615
2;tyrol/busstationshape.ttl;5;0.020383972000004746;0.021209041000005868
2;tyrol/busstop.ttl;5;0.0888007129999977;0.0920803819999918
2;tyrol/cafeorcoffeeshopshape.ttl;5;2.3765943269999923;2.5311368079999994
2;tyrol/campgroundshape.ttl;5;0.15388088899999275;0.1589931659999877
2;tyrol/childcarepath.ttl;5;0.24526240400000177;0.2544373449999995
2;tyrol/churchshape.ttl;5;0.3330711469999983;0.3469038810000029
2;tyrol/cityhallshape.ttl;5;0.060899431999999365;0.06334910399999671
2;tyrol/civicstructureshape.ttl;5;1.724345544000002;1.8068703990000046
2;tyrol/contactpointshape.ttl;5;5.626231443999998;5.850593564999997
2;tyrol/drycleaningorlaundryshape.ttl;5;0.6694758999999948;0.7029862540000096
2;tyrol/educationalorganizationshape.ttl;5;0.412084176999997;0.42855537200000526
2;tyrol/emergencyserviceshape.ttl;5;0.10446626899999956;0.10831455099999232
2;tyrol/entertainmentbusinessshape.ttl;5;0.9173393320000116;0.972357082000002
2;tyrol/eventshape.ttl;5;;
2;tyrol/financialserviceshape.ttl;5;0.45344896500000687;0.47903747099999805
2;tyrol/foodestablishmentshape.ttl;5;0.6857743189999894;0.737525601999991
2;tyrol/geocoordinatesshape.ttl;5;319.969649184;333.307292062
2;tyrol/geoshapeshape.ttl;5;2.1464256720000066;2.2737533189999937
2;tyrol/golfcourseshape.ttl;5;0.18728024299998935;0.19546502800000098
2;tyrol/governmentbuildingshape.ttl;5;0.2612426279999909;0.2758196589999926
2;tyrol/healthandbeautybusinessshape.ttl;5;0.9287354590000092;0.9974123060000011
2;tyrol/hotelshape.ttl;5;;
2;tyrol/icecreamshopshape.ttl;5;0.09112518900001021;0.09396201099998791
2;tyrol/imageobjectshape.ttl;5;800.019789035;854.22778857
2;tyrol/lakebodyofwatershape.ttl;5;0.06675994500000115;0.06914858700000082
2;tyrol/landmarksorhistoricalbuildingsshape.ttl;5;0.07949927200000673;0.0828229279999988
2;tyrol/libraryshape.ttl;5;0.06009759400001258;0.06307303399999853
2;tyrol/localbusinesshape.ttl;5;;
2;tyrol/locationfeaturespecificationshape.ttl;5;21.87623973299999;22.902321595999993
2;tyrol/movietheathershape.ttl;5;0.014182419999997364;0.014335224000006974
2;tyrol/offershape.ttl;5;24.042298195;24.847403091999993
2;tyrol/openinghoursspecificationshape.ttl;5;7.5360673539999965;8.022926579
2;tyrol/organizationshape.ttl;5;1.7705141650000087;1.8316256089999996
2;tyrol/parkshape.ttl;5;0.0362345470000065;0.03731433599999434
2;tyrol/personshape.ttl;5;0.27056577199999765;0.28577445399999135
2;tyrol/placeshape.ttl;5;690.8232389020001;737.046517978
2;tyrol/postaladdressshape.ttl;5;479.26292208600006;497.294626307
2;tyrol/ratingshape.ttl;5;0.12223896999999795;0.12715938099999846
2;tyrol/restaurantshape.ttl;5;5.325155988000006;5.618162842999993
2;tyrol/serviceshape.ttl;5;0.22193255100000897;0.2293740689999879
2;tyrol/skiresortshape.ttl;5;1.7229082879999993;1.8450834409999999
2;tyrol/sportsactivityshape.ttl;5;10.736846533000005;11.060505591999998
2;tyrol/storeshape.ttl;5;0.00533085700000413;0.004671745999999644
2;tyrol/touristattractionshape.ttl;5;0.7379316459999927;0.8012340779999931
2;tyrol/touristinformationcentershape.ttl;5;0.19295562299998892;0.20044901800000048
2;tyrol/travelactionshape.ttl;5;0.4963706959999996;0.515658221999999
2;tyrol/wineryshape.ttl;5;0.11747124299999712;0.12202538599999002
3;tyrol/aggregateratingshape.ttl;1;0.0017032579999920472;0.0011738489999970625
3;tyrol/airportshape.ttl;1;0.05528466399999843;0.05740833399997314
3;tyrol/amusementparkshape.ttl;1;0.10222362499999349;0.10662969699998825
3;tyrol/automotivebusinessshape.ttl;1;0.4287465529999963;0.4508080680000148
3;tyrol/bakeryshape.ttl;1;0.49573621499999376;0.5138979529999972
3;tyrol/bankorcreditunionshape.ttl;1;0.21063350299999684;0.21972363000000428
3;tyrol/barorpubshape.ttl;1;2.7068882929999916;2.763866839000002
3;tyrol/beachshape.ttl;1;0.03622514400001364;0.03812575099999549
3;tyrol/bodyofwatershape.ttl;1;0.10485770400001115;0.10761051800000132
3;tyrol/bowlingalleyshape.ttl;1;0.004657459000014796;0.00457610399999453
3;tyrol/busstationshape.ttl;1;0.02017872599998327;0.020496664999996028
3;tyrol/busstop.ttl;1;0.08957019500002161;0.09273271200001432
3;tyrol/cafeorcoffeeshopshape.ttl;1;2.379608611000009;2.505913504000006
3;tyrol/campgroundshape.ttl;1;0.15372769999999036;0.15977495999999292
3;tyrol/childcarepath.ttl;1;0.24333771100000945;0.253305733000019
3;tyrol/churchshape.ttl;1;0.3279457579999985;0.3432597060000262
3;tyrol/cityhallshape.ttl;1;0.060781544000008125;0.0636611319999929
3;tyrol/civicstructureshape.ttl;1;1.7217129070000112;1.829852465999977
3;tyrol/contactpointshape.ttl;1;5.974506359000003;6.165896380999982
3;tyrol/drycleaningorlaundryshape.ttl;1;0.6685118659999887;0.6974883279999915
3;tyrol/educationalorganizationshape.ttl;1;0.4124135139999794;0.42985307600000056
3;tyrol/emergencyserviceshape.ttl;1;0.10335294300000442;0.10693925900000067
3;tyrol/entertainmentbusinessshape.ttl;1;0.9269199000000015;0.9802405620000059
3;tyrol/eventshape.ttl;1;;
3;tyrol/financialserviceshape.ttl;1;0.44777744200001734;0.4750267160000021
3;tyrol/foodestablishmentshape.ttl;1;0.680050561999991;0.7215630750000059
3;tyrol/geocoordinatesshape.ttl;1;592.009340403;608.021077107
3;tyrol/geoshapeshape.ttl;1;2.20589462800001;2.3316783629999804
3;tyrol/golfcourseshape.ttl;1;0.18578090899998756;0.19514366100000302
3;tyrol/governmentbuildingshape.ttl;1;0.25980186900000035;0.28859214599998495
3;tyrol/healthandbeautybusinessshape.ttl;1;0.9373703489999912;0.9733285400000113
3;tyrol/hotelshape.ttl;1;;
3;tyrol/icecreamshopshape.ttl;1;0.08894177099998046;0.09353728700000374
3;tyrol/imageobjectshape.ttl;1;1496.458546306;1586.192402527
3;tyrol/lakebodyofwatershape.ttl;1;0.06680269599999633;0.06910129299998857
3;tyrol/landmarksorhistoricalbuildingsshape.ttl;1;0.07880935299999692;0.08179489100001547
3;tyrol/libraryshape.ttl;1;0.06112639200000558;0.06305714900000225
3;tyrol/localbusinesshape.ttl;1;;
3;tyrol/locationfeaturespecificationshape.ttl;1;22.696964597000004;23.268065295000014
3;tyrol/movietheathershape.ttl;1;0.013616432000020495;0.013939342999975679
3;tyrol/offershape.ttl;1;23.856365173;24.928773105000005
3;tyrol/openinghoursspecificationshape.ttl;1;7.855547300000012;8.457551370000004
3;tyrol/organizationshape.ttl;1;1.7627525050000088;1.8106653130000154
3;tyrol/parkshape.ttl;1;0.035314513999992414;0.0368390609999949
3;tyrol/personshape.ttl;1;0.2693683890000216;0.2919445910000036
3;tyrol/placeshape.ttl;1;1309.097041945;1385.497958834
3;tyrol/postaladdressshape.ttl;1;903.5596677880001;931.571650805
3;tyrol/ratingshape.ttl;1;0.12262050300000737;0.12851548399999047
3;tyrol/restaurantshape.ttl;1;5.289517872000005;5.513615907000002
3;tyrol/serviceshape.ttl;1;0.21831429299999172;0.2293619650000096
3;tyrol/skiresortshape.ttl;1;1.733535775000007;1.8398273159999974
3;tyrol/sportsactivityshape.ttl;1;10.856101842999976;11.268010419999996
3;tyrol/storeshape.ttl;1;0.00482192300000861;0.004737970000007863
3;tyrol/touristattractionshape.ttl;1;0.7507552929999974;0.7861279679999882
3;tyrol/touristinformationcentershape.ttl;1;0.19460508499997786;0.20293011000001115
3;tyrol/travelactionshape.ttl;1;0.49234593599999243;0.5178434940000045
3;tyrol/wineryshape.ttl;1;0.11843009599999732;0.12344138800000337
3;tyrol/aggregateratingshape.ttl;2;0.0016982620000192128;0.001166904000001523
3;tyrol/airportshape.ttl;2;0.055280164999999215;0.05727919199998155
3;tyrol/amusementparkshape.ttl;2;0.1028821030000131;0.10760079899998232
3;tyrol/automotivebusinessshape.ttl;2;0.4360525209999935;0.4498923740000009
3;tyrol/bakeryshape.ttl;2;0.5070783670000196;0.5227709619999814
3;tyrol/bankorcreditunionshape.ttl;2;0.21178629099998147;0.22114028499998994
3;tyrol/barorpubshape.ttl;2;2.7114292440000156;2.7836102159999996
3;tyrol/beachshape.ttl;2;0.036469258000010996;0.038450386999983266
3;tyrol/bodyofwatershape.ttl;2;0.10320613199999684;0.10752300400000081
3;tyrol/bowlingalleyshape.ttl;2;0.004666083000017807;0.004554467999980716
3;tyrol/busstationshape.ttl;2;0.019891105999988667;0.02051567999998838
3;tyrol/busstop.ttl;2;0.08927182000002176;0.09393566299999634
3;tyrol/cafeorcoffeeshopshape.ttl;2;2.3979313259999913;2.529136082000008
3;tyrol/campgroundshape.ttl;2;0.15132647900000507;0.15837164599997777
3;tyrol/childcarepath.ttl;2;0.2453958250000028;0.2570341589999998
3;tyrol/churchshape.ttl;2;0.3282643750000034;0.34418072400001165
3;tyrol/cityhallshape.ttl;2;0.06074766200001136;0.0639109570000187
3;tyrol/civicstructureshape.ttl;2;1.711889881000019;1.8075977720000083
3;tyrol/contactpointshape.ttl;2;5.892357761999989;6.181235334999997
3;tyrol/drycleaningorlaundryshape.ttl;2;0.6733220039999992;0.6993069930000217
3;tyrol/educationalorganizationshape.ttl;2;0.4095956360000059;0.4318076860000133
3;tyrol/emergencyserviceshape.ttl;2;0.1036431420000099;0.10744055600000024
3;tyrol/entertainmentbusinessshape.ttl;2;0.9288203019999912;0.9660162520000029
3;tyrol/eventshape.ttl;2;;
3;tyrol/financialserviceshape.ttl;2;0.45667940999999246;0.47039736600001447
3;tyrol/foodestablishmentshape.ttl;2;0.6909869320000155;0.7144850170000154
3;tyrol/geocoordinatesshape.ttl;2;594.151499196;609.915867212
3;tyrol/geoshapeshape.ttl;2;2.2131545990000063;2.34873632099999
3;tyrol/golfcourseshape.ttl;2;0.1866104799999846;0.19586422099999368
3;tyrol/governmentbuildingshape.ttl;2;0.26468769899997824;0.2756795429999954
3;tyrol/healthandbeautybusinessshape.ttl;2;0.934545393999997;0.990799912
3;tyrol/hotelshape.ttl;2;;
3;tyrol/icecreamshopshape.ttl;2;0.08921460899998124;0.09412347599999293
3;tyrol/imageobjectshape.ttl;2;1495.361949473;1592.32647933
3;tyrol/lakebodyofwatershape.ttl;2;0.0657099900000162;0.06919714599999338
3;tyrol/landmarksorhistoricalbuildingsshape.ttl;2;0.07866802800000983;0.08277763400002414
3;tyrol/libraryshape.ttl;2;0.061377757000002475;0.0636358389999998
3;tyrol/localbusinesshape.ttl;2;;
3;tyrol/locationfeaturespecificationshape.ttl;2;22.57155960099999;23.345520624999978
3;tyrol/movietheathershape.ttl;2;0.01371131999999875;0.014195913000008886
3;tyrol/offershape.ttl;2;23.489656510000003;24.702026929999988
3;tyrol/openinghoursspecificationshape.ttl;2;7.846816434000004;8.467045431999992
3;tyrol/organizationshape.ttl;2;1.7760914529999923;1.8620447339999942
3;tyrol/parkshape.ttl;2;0.035704418999984;0.03655192299999044
3;tyrol/personshape.ttl;2;0.2698414889999867;0.28827495100000533
3;tyrol/placeshape.ttl;2;1314.849462336;1380.863790739
3;tyrol/postaladdressshape.ttl;2;898.2546187730001;931.070984418
3;tyrol/ratingshape.ttl;2;0.1242329140000038;0.1299900929999751
3;tyrol/restaurantshape.ttl;2;5.385236012000007;5.5674527409999826
3;tyrol/serviceshape.ttl;2;0.2199719630000061;0.22716779499998552
3;tyrol/skiresortshape.ttl;2;1.7202435160000107;1.8238785200000223
3;tyrol/sportsactivityshape.ttl;2;10.758102234999996;11.376378735000003
3;tyrol/storeshape.ttl;2;0.00476865499999235;0.004735900999975229
3;tyrol/touristattractionshape.ttl;2;0.7399758540000221;0.7745401560000005
3;tyrol/touristinformationcentershape.ttl;2;0.1901870530000167;0.20022058500001094
3;tyrol/travelactionshape.ttl;2;0.4946594009999785;0.5160257839999929
3;tyrol/wineryshape.ttl;2;0.11785701200000176;0.12333341900000505
3;tyrol/aggregateratingshape.ttl;3;0.001739967000020215;0.0011663209999994706
3;tyrol/airportshape.ttl;3;0.05508783099998027;0.057893728999999894
3;tyrol/amusementparkshape.ttl;3;0.10205530499999327;0.10711448199998586
3;tyrol/automotivebusinessshape.ttl;3;0.42877934799997774;0.465742989000006
3;tyrol/bakeryshape.ttl;3;0.49707888500000763;0.5373094750000007
3;tyrol/bankorcreditunionshape.ttl;3;0.2119264810000061;0.23412856500002022
3;tyrol/barorpubshape.ttl;3;2.7236925550000137;2.819403245000018
3;tyrol/beachshape.ttl;3;0.03632138500000792;0.038444146000017554
3;tyrol/bodyofwatershape.ttl;3;0.10293481700000484;0.10808338999999023
3;tyrol/bowlingalleyshape.ttl;3;0.004706657000014047;0.004619923999996445
3;tyrol/busstationshape.ttl;3;0.0199621900000011;0.02066831400000524
3;tyrol/busstop.ttl;3;0.08880387599998585;0.09262246099999061
3;tyrol/cafeorcoffeeshopshape.ttl;3;2.4291305280000017;2.5379941129999963
3;tyrol/campgroundshape.ttl;3;0.15282802900000547;0.15776658999999427
3;tyrol/childcarepath.ttl;3;0.2466892390000055;0.2541163540000184
3;tyrol/churchshape.ttl;3;0.3314083870000104;0.3437286269999902
3;tyrol/cityhallshape.ttl;3;0.06051087199998051;0.06350145499999371
3;tyrol/civicstructureshape.ttl;3;1.7075860970000178;1.7905505139999889
3;tyrol/contactpointshape.ttl;3;5.946916469999991;6.198495957999995
3;tyrol/drycleaningorlaundryshape.ttl;3;0.673534917000012;0.6998961490000113
3;tyrol/educationalorganizationshape.ttl;3;0.41083317999999736;0.4280449500000145
3;tyrol/emergencyserviceshape.ttl;3;0.1015281120000111;0.10704471900001522
3;tyrol/entertainmentbusinessshape.ttl;3;0.9267506529999991;0.9627364570000054
3;tyrol/eventshape.ttl;3;;
3;tyrol/financialserviceshape.ttl;3;0.45263592000000585;0.47398573600000304
3;tyrol/foodestablishmentshape.ttl;3;0.6856729770000243;0.7203885140000068
3;tyrol/geocoordinatesshape.ttl;3;597.1789540230001;605.76563692
3;tyrol/geoshapeshape.ttl;3;2.2088592240000082;2.3614932209999893
3;tyrol/golfcourseshape.ttl;3;0.1900955769999939;0.19439334699998767
3;tyrol/governmentbuildingshape.ttl;3;0.25861108899999863;0.2731327390000047
3;tyrol/healthandbeautybusinessshape.ttl;3;0.9406841099999781;0.989413892000016
3;tyrol/hotelshape.ttl;3;;
3;tyrol/icecreamshopshape.ttl;3;0.08877179299997806;0.09359666099999231
3;tyrol/imageobjectshape.ttl;3;1513.5798444729999;1563.847632433
3;tyrol/lakebodyofwatershape.ttl;3;0.06639782600001354;0.06877379099998393
3;tyrol/landmarksorhistoricalbuildingsshape.ttl;3;0.0792370759999983;0.08184383700000808
3;tyrol/libraryshape.ttl;3;0.06025572400000101;0.06312679099997354
3;tyrol/localbusinesshape.ttl;3;;
3;tyrol/locationfeaturespecificationshape.ttl;3;22.393079555000014;23.491965781000005
3;tyrol/movietheathershape.ttl;3;0.01379330800000389;0.01408862499999941
3;tyrol/offershape.ttl;3;23.610885458999974;24.526607780999996
3;tyrol/openinghoursspecificationshape.ttl;3;7.967275927000003;8.476586196
3;tyrol/organizationshape.ttl;3;1.7594952670000055;1.8468829610000057
3;tyrol/parkshape.ttl;3;0.035678883999992195;0.0370128090000037
3;tyrol/personshape.ttl;3;0.27168603100000155;0.2884031650000054
3;tyrol/placeshape.ttl;3;1314.06867897;1375.502721631
3;tyrol/postaladdressshape.ttl;3;904.6250824770001;921.5503139010001
3;tyrol/ratingshape.ttl;3;0.12538914000001;0.1300441699999908
3;tyrol/restaurantshape.ttl;3;5.339278274999998;5.4945015969999815
3;tyrol/serviceshape.ttl;3;0.22181014099999175;0.24252536099999134
3;tyrol/skiresortshape.ttl;3;1.7310371869999983;1.8282529359999842
3;tyrol/sportsactivityshape.ttl;3;10.703854462999999;11.274085498000005
3;tyrol/storeshape.ttl;3;0.004796981999987793;0.004684557999979688
3;tyrol/touristattractionshape.ttl;3;0.7501253030000044;0.7820013959999983
3;tyrol/touristinformationcentershape.ttl;3;0.1943738230000065;0.198922366000005
3;tyrol/travelactionshape.ttl;3;0.4974011099999984;0.5112397019999833
3;tyrol/wineryshape.ttl;3;0.11873403300000973;0.12254313100001468
3;tyrol/aggregateratingshape.ttl;4;0.0017315619999749288;0.001160749999996824
3;tyrol/airportshape.ttl;4;0.05621314999999072;0.057548967999991874
3;tyrol/amusementparkshape.ttl;4;0.1021112710000125;0.10627951500001132
3;tyrol/automotivebusinessshape.ttl;4;0.43715049400000794;0.44818690200000333
3;tyrol/bakeryshape.ttl;4;0.49721299199998725;0.5248433250000062
3;tyrol/bankorcreditunionshape.ttl;4;0.21372044800000367;0.22160649799999987
3;tyrol/barorpubshape.ttl;4;2.7195269690000146;2.822426383000021
3;tyrol/beachshape.ttl;4;0.03722492500000385;0.055787587999986954
3;tyrol/bodyofwatershape.ttl;4;0.10270496800001183;0.10827270999999428
3;tyrol/bowlingalleyshape.ttl;4;0.004674651000016183;0.004699692999992067
3;tyrol/busstationshape.ttl;4;0.02018300800000361;0.020923216999989336
3;tyrol/busstop.ttl;4;0.08974135599999045;0.0925430380000023
3;tyrol/cafeorcoffeeshopshape.ttl;4;2.446849003000011;2.5192778839999903
3;tyrol/campgroundshape.ttl;4;0.15025621999998862;0.1599446989999933
3;tyrol/childcarepath.ttl;4;0.2408184550000101;0.2552239340000142
3;tyrol/churchshape.ttl;4;0.3317158340000219;0.35919900400000415
3;tyrol/cityhallshape.ttl;4;0.06126151600000185;0.06396950699999593
3;tyrol/civicstructureshape.ttl;4;1.6921367209999971;1.8001522480000176
3;tyrol/contactpointshape.ttl;4;5.939114098000005;6.172343511999998
3;tyrol/drycleaningorlaundryshape.ttl;4;0.6736049449999939;0.6921349159999863
3;tyrol/educationalorganizationshape.ttl;4;0.4095764329999838;0.45105642600000806
3;tyrol/emergencyserviceshape.ttl;4;0.10202246000000059;0.10812988500001097
3;tyrol/entertainmentbusinessshape.ttl;4;0.915732294999998;0.9540879010000083
3;tyrol/eventshape.ttl;4;;
3;tyrol/financialserviceshape.ttl;4;0.45497408500000347;0.4786869670000158
3;tyrol/foodestablishmentshape.ttl;4;0.6908790360000125;0.7242255730000124
3;tyrol/geocoordinatesshape.ttl;4;588.019842354;600.026690737
3;tyrol/geoshapeshape.ttl;4;2.2242402349999963;2.321482629000002
3;tyrol/golfcourseshape.ttl;4;0.18812010499999587;0.19569230999999832
3;tyrol/governmentbuildingshape.ttl;4;0.2626934129999938;0.2872965879999754
3;tyrol/healthandbeautybusinessshape.ttl;4;0.9253600510000126;1.001319422999984
3;tyrol/hotelshape.ttl;4;;
3;tyrol/icecreamshopshape.ttl;4;0.09027135799999542;0.0936095289999912
3;tyrol/imageobjectshape.ttl;4;1521.104114466;1588.721200252
3;tyrol/lakebodyofwatershape.ttl;4;0.06686712399999806;0.06961720300000707
3;tyrol/landmarksorhistoricalbuildingsshape.ttl;4;0.07941615799998658;0.0821112140000082
3;tyrol/libraryshape.ttl;4;0.06092718400000763;0.06300490399999603
3;tyrol/localbusinesshape.ttl;4;;
3;tyrol/locationfeaturespecificationshape.ttl;4;22.607598136999997;23.525635773000005
3;tyrol/movietheathershape.ttl;4;0.013652858999989803;0.014033455999992839
3;tyrol/offershape.ttl;4;23.764196739;25.007446568999995
3;tyrol/openinghoursspecificationshape.ttl;4;8.120487518999994;8.454219434999999
3;tyrol/organizationshape.ttl;4;1.7552394379999896;1.8230498590000082
3;tyrol/parkshape.ttl;4;0.03551657200000591;0.037395077000013544
3;tyrol/personshape.ttl;4;0.2670914269999969;0.29143098999998074
3;tyrol/placeshape.ttl;4;1313.5603381160001;1395.254689503
3;tyrol/postaladdressshape.ttl;4;895.107851016;921.2866797769999
3;tyrol/ratingshape.ttl;4;0.12602423699999576;0.12871240100000136
3;tyrol/restaurantshape.ttl;4;5.33679343;5.606275753000006
3;tyrol/serviceshape.ttl;4;0.22125674200000844;0.22788515599998505
3;tyrol/skiresortshape.ttl;4;1.7308717459999912;1.7939278900000204
3;tyrol/sportsactivityshape.ttl;4;10.919243335999994;11.118033007999998
3;tyrol/storeshape.ttl;4;0.004794793000002073;0.004711646999993491
3;tyrol/touristattractionshape.ttl;4;0.7504310449999991;0.7899998240000059
3;tyrol/touristinformationcentershape.ttl;4;0.19436555699999758;0.21621348800002238
3;tyrol/travelactionshape.ttl;4;0.49669479199999955;0.5332707949999929
3;tyrol/wineryshape.ttl;4;0.11664836599999262;0.12110058499999354
3;tyrol/aggregateratingshape.ttl;5;0.0016774600000246664;0.0011725299999909566
3;tyrol/airportshape.ttl;5;0.05598510299998338;0.05783721099999184
3;tyrol/amusementparkshape.ttl;5;0.1022999230000039;0.107223485999981
3;tyrol/automotivebusinessshape.ttl;5;0.4312687599999947;0.4507378350000124
3;tyrol/bakeryshape.ttl;5;0.5013797169999918;0.5198627149999879
3;tyrol/bankorcreditunionshape.ttl;5;0.2130885150000097;0.2212917839999875
3;tyrol/barorpubshape.ttl;5;2.7144074300000227;2.8187536289999855
3;tyrol/beachshape.ttl;5;0.036903448999993316;0.037961009999975204
3;tyrol/bodyofwatershape.ttl;5;0.10365504200001396;0.10659155100000817
3;tyrol/bowlingalleyshape.ttl;5;0.004712729000004856;0.004574457000018128
3;tyrol/busstationshape.ttl;5;0.01983431200000041;0.02069512200000645
3;tyrol/busstop.ttl;5;0.08878972700000531;0.09340600600000926
3;tyrol/cafeorcoffeeshopshape.ttl;5;2.4167569319999984;2.509033340000002
3;tyrol/campgroundshape.ttl;5;0.15137624499999447;0.15934031599999798
3;tyrol/childcarepath.ttl;5;0.24657575399999132;0.26876609999999346
3;tyrol/churchshape.ttl;5;0.33816349299999615;0.3526674210000067
3;tyrol/cityhallshape.ttl;5;0.060800409999984595;0.06377131000002123
3;tyrol/civicstructureshape.ttl;5;1.724844539000003;1.7997237129999917
3;tyrol/contactpointshape.ttl;5;5.974989290999986;6.231159835
3;tyrol/drycleaningorlaundryshape.ttl;5;0.6663579030000051;0.7005998540000178
3;tyrol/educationalorganizationshape.ttl;5;0.40976032000000373;0.42730013400000644
3;tyrol/emergencyserviceshape.ttl;5;0.10171917899998562;0.10844613699998717
3;tyrol/entertainmentbusinessshape.ttl;5;0.9208214810000186;0.9732020710000029
3;tyrol/eventshape.ttl;5;;
3;tyrol/financialserviceshape.ttl;5;0.4541025630000206;0.4700023729999998
3;tyrol/foodestablishmentshape.ttl;5;0.6935089389999973;0.7321484100000077
3;tyrol/geocoordinatesshape.ttl;5;594.499879701;609.636216699
3;tyrol/geoshapeshape.ttl;5;2.2315005399999848;2.3670497780000233
3;tyrol/golfcourseshape.ttl;5;0.18804221100000973;0.1978820859999928
3;tyrol/governmentbuildingshape.ttl;5;0.2607358650000151;0.2774737270000003
3;tyrol/healthandbeautybusinessshape.ttl;5;0.9410285570000099;0.9705937129999995
3;tyrol/hotelshape.ttl;5;;
3;tyrol/icecreamshopshape.ttl;5;0.09042419099998256;0.09340400700000373
3;tyrol/imageobjectshape.ttl;5;1497.801683211;1575.4866276189998
3;tyrol/lakebodyofwatershape.ttl;5;0.06679165599999237;0.0693182550000131
3;tyrol/landmarksorhistoricalbuildingsshape.ttl;5;0.0789296320000119;0.08242290499998717
3;tyrol/libraryshape.ttl;5;0.06115002199999253;0.06296898699997655
3;tyrol/localbusinesshape.ttl;5;;
3;tyrol/locationfeaturespecificationshape.ttl;5;22.600595145;23.648776714000007
3;tyrol/movietheathershape.ttl;5;0.013683759000002738;0.014116394000012633
3;tyrol/offershape.ttl;5;23.733493960999994;24.46534816799999
3;tyrol/openinghoursspecificationshape.ttl;5;7.7818495459999895;8.341763662000005
3;tyrol/organizationshape.ttl;5;1.7702533530000153;1.8221546990000093
3;tyrol/parkshape.ttl;5;0.03579338699998402;0.036554768000002014
3;tyrol/personshape.ttl;5;0.26733407899999406;0.30428550499999574
3;tyrol/placeshape.ttl;5;1290.349338912;1380.906678933
3;tyrol/postaladdressshape.ttl;5;898.465523871;927.8858815980001
3;tyrol/ratingshape.ttl;5;0.12078534199997648;0.129485681999995
3;tyrol/restaurantshape.ttl;5;5.347815360999988;5.544782798
3;tyrol/serviceshape.ttl;5;0.22326098299998876;0.2293875919999948
3;tyrol/skiresortshape.ttl;5;1.716675858000002;1.813135380999995
3;tyrol/sportsactivityshape.ttl;5;10.896112791999997;11.507910460999994
3;tyrol/storeshape.ttl;5;0.004709034000001111;0.004682890999987421
3;tyrol/touristattractionshape.ttl;5;0.7474141029999828;0.803013983999989
3;tyrol/touristinformationcentershape.ttl;5;0.19457462299999406;0.21693274800000495
3;tyrol/travelactionshape.ttl;5;0.4978348639999979;0.5131791089999922
3;tyrol/wineryshape.ttl;5;0.11793696399999476;0.12263058799999271
4;tyrol/aggregateratingshape.ttl;1;0.001238474999979644;0.00117149500002256
4;tyrol/airportshape.ttl;1;0.055442274999990104;0.05774995699999863
4;tyrol/amusementparkshape.ttl;1;0.10327579899998796;0.10777771200000075
4;tyrol/automotivebusinessshape.ttl;1;0.4326513880000107;0.4595695560000195
4;tyrol/bakeryshape.ttl;1;0.496067131000018;0.5218160039999873
4;tyrol/bankorcreditunionshape.ttl;1;0.21158169600002452;0.22014131000000248
4;tyrol/barorpubshape.ttl;1;2.7585739739999724;2.8411121979999905
4;tyrol/beachshape.ttl;1;0.03627141199999073;0.038373763999999255
4;tyrol/bodyofwatershape.ttl;1;0.10292212100000597;0.10755180900000028
4;tyrol/bowlingalleyshape.ttl;1;0.004775223999985201;0.00457436199999961
4;tyrol/busstationshape.ttl;1;0.020251521999995248;0.02098304500000836
4;tyrol/busstop.ttl;1;0.0883406760000014;0.09358788499997672
4;tyrol/cafeorcoffeeshopshape.ttl;1;2.4152817659999926;2.521286476
4;tyrol/campgroundshape.ttl;1;0.1533537979999835;0.15838894000000892
4;tyrol/childcarepath.ttl;1;0.24460044200000652;0.25563264099997696
4;tyrol/churchshape.ttl;1;0.3285244690000013;0.3419803679999802
4;tyrol/cityhallshape.ttl;1;0.06045905100000937;0.06359958199999483
4;tyrol/civicstructureshape.ttl;1;1.7161422930000185;1.805592305999994
4;tyrol/contactpointshape.ttl;1;6.154736275999994;6.333544657999994
4;tyrol/drycleaningorlaundryshape.ttl;1;0.6696518269999956;0.7106589269999972
4;tyrol/educationalorganizationshape.ttl;1;0.4138895140000045;0.4344690000000071
4;tyrol/emergencyserviceshape.ttl;1;0.10307563000000641;0.10786607900001854
4;tyrol/entertainmentbusinessshape.ttl;1;0.923605388999988;0.9645711240000026
4;tyrol/eventshape.ttl;1;;
4;tyrol/financialserviceshape.ttl;1;0.44440723700000717;0.475133943000003
4;tyrol/foodestablishmentshape.ttl;1;0.6883281189999764;0.712195080000015
4;tyrol/geocoordinatesshape.ttl;1;835.028909524;882.0945589160001
4;tyrol/geoshapeshape.ttl;1;2.307592029999995;2.4356979920000015
4;tyrol/golfcourseshape.ttl;1;0.18805334700002163;0.19594417700000122
4;tyrol/governmentbuildingshape.ttl;1;0.26167329400001904;0.2725402590000101
4;tyrol/healthandbeautybusinessshape.ttl;1;0.947959462;0.9876844759999983
4;tyrol/hotelshape.ttl;1;;
4;tyrol/icecreamshopshape.ttl;1;0.0914063029999852;0.09341965499999105
4;tyrol/imageobjectshape.ttl;1;2239.828476401;2324.216725892
4;tyrol/lakebodyofwatershape.ttl;1;0.06565410899997914;0.06881795900000043
4;tyrol/landmarksorhistoricalbuildingsshape.ttl;1;0.07868970699999522;0.08206869299999653
4;tyrol/libraryshape.ttl;1;0.06069300100000419;0.06316984000000048
4;tyrol/localbusinesshape.ttl;1;;
4;tyrol/locationfeaturespecificationshape.ttl;1;22.88116048599997;23.652520391000024
4;tyrol/movietheathershape.ttl;1;0.013571310999992647;0.014179833000014241
4;tyrol/offershape.ttl;1;23.919751116000015;24.721836405000033
4;tyrol/openinghoursspecificationshape.ttl;1;7.9668781809999984;8.60008671899999
4;tyrol/organizationshape.ttl;1;1.7754519040000218;1.8339325070000143
4;tyrol/parkshape.ttl;1;0.03556202699999744;0.03665148400000362
4;tyrol/personshape.ttl;1;0.27084778799999754;0.2898154350000084
4;tyrol/placeshape.ttl;1;1857.3732532149997;1975.1225995319999
4;tyrol/postaladdressshape.ttl;1;1276.360995832;1345.540285727
4;tyrol/ratingshape.ttl;1;0.1273333269999739;0.13363540099999227
4;tyrol/restaurantshape.ttl;1;5.38474837199999;5.563958091000018
4;tyrol/serviceshape.ttl;1;0.2214719460000083;0.22990825299999074
4;tyrol/skiresortshape.ttl;1;1.7360807160000036;1.8036995150000052
4;tyrol/sportsactivityshape.ttl;1;10.630302681999979;11.450366459000008
4;tyrol/storeshape.ttl;1;0.004878987000012103;0.004723095999992211
4;tyrol/touristattractionshape.ttl;1;0.7521247360000132;0.7878195360000007
4;tyrol/touristinformationcentershape.ttl;1;0.1926894270000048;0.20149984500000073
4;tyrol/travelactionshape.ttl;1;0.48861902199999463;0.5117384799999911
4;tyrol/wineryshape.ttl;1;0.11703206000001387;0.12171978300000319
4;tyrol/aggregateratingshape.ttl;2;0.0012298469999905137;0.0011535839999794462
4;tyrol/airportshape.ttl;2;0.0545804129999965;0.05755425799998193
4;tyrol/amusementparkshape.ttl;2;0.1031774229999769;0.10672374899999681
4;tyrol/automotivebusinessshape.ttl;2;0.43595503899999244;0.4534674049999978
4;tyrol/bakeryshape.ttl;2;0.5039960050000047;0.5207484019999811
4;tyrol/bankorcreditunionshape.ttl;2;0.21259911799998576;0.2365834869999901
4;tyrol/barorpubshape.ttl;2;2.730042011999984;2.833636489000014
4;tyrol/beachshape.ttl;2;0.03661163799998235;0.03875684199999796
4;tyrol/bodyofwatershape.ttl;2;0.10388288000001467;0.10822493200001304
4;tyrol/bowlingalleyshape.ttl;2;0.0046927100000004884;0.004629648999980418
4;tyrol/busstationshape.ttl;2;0.019976877999994258;0.020687240000000884
4;tyrol/busstop.ttl;2;0.0890565889999948;0.0930201290000241
4;tyrol/cafeorcoffeeshopshape.ttl;2;2.428004404999996;2.530762248000002
4;tyrol/campgroundshape.ttl;2;0.15242216699999744;0.16052774599998543
4;tyrol/childcarepath.ttl;2;0.24601332800000364;0.25603544400001965
4;tyrol/churchshape.ttl;2;0.33247802200000365;0.34423133199999256
4;tyrol/cityhallshape.ttl;2;0.05998098899999604;0.06380401999999208
4;tyrol/civicstructureshape.ttl;2;1.7150006529999757;1.81757069599999
4;tyrol/contactpointshape.ttl;2;6.073343404000013;6.327558933999995
4;tyrol/drycleaningorlaundryshape.ttl;2;0.6687760419999904;0.7073508249999918
4;tyrol/educationalorganizationshape.ttl;2;0.40873777499999164;0.4379947209999955
4;tyrol/emergencyserviceshape.ttl;2;0.10316973599998391;0.10803720400002703
4;tyrol/entertainmentbusinessshape.ttl;2;0.915497653000017;0.9803502510000044
4;tyrol/eventshape.ttl;2;;
4;tyrol/financialserviceshape.ttl;2;0.4508637909999891;0.4844529069999908
4;tyrol/foodestablishmentshape.ttl;2;0.6882931999999755;0.7245558919999837
4;tyrol/geocoordinatesshape.ttl;2;850.8680215520001;882.817837475
4;tyrol/geoshapeshape.ttl;2;2.2867052210000054;2.47484056899998
4;tyrol/golfcourseshape.ttl;2;0.18706806599999481;0.19875132499998927
4;tyrol/governmentbuildingshape.ttl;2;0.2615937580000036;0.2871930080000027
4;tyrol/healthandbeautybusinessshape.ttl;2;0.9276010700000086;0.9935181600000078
4;tyrol/hotelshape.ttl;2;;
4;tyrol/icecreamshopshape.ttl;2;0.08952642500000252;0.09323516200001336
4;tyrol/imageobjectshape.ttl;2;2210.295749817;2402.580504792
4;tyrol/lakebodyofwatershape.ttl;2;0.06633891100000255;0.06897178899998835
4;tyrol/landmarksorhistoricalbuildingsshape.ttl;2;0.07897682899999836;0.08233796199999688
4;tyrol/libraryshape.ttl;2;0.06001314799999591;0.06293370000000209
4;tyrol/localbusinesshape.ttl;2;;
4;tyrol/locationfeaturespecificationshape.ttl;2;23.46172788200002;24.083908886000017
4;tyrol/movietheathershape.ttl;2;0.013785296999998309;0.013930192999993096
4;tyrol/offershape.ttl;2;23.53321146799999;24.840963993000003
4;tyrol/openinghoursspecificationshape.ttl;2;8.219770987999993;8.68395895499998
4;tyrol/organizationshape.ttl;2;1.7428047980000088;1.8311491190000027
4;tyrol/parkshape.ttl;2;0.035079009000014594;0.036613334999998415
4;tyrol/personshape.ttl;2;0.27032444499999997;0.28741298899998924
4;tyrol/placeshape.ttl;2;1850.158856099;1958.2223072959998
4;tyrol/postaladdressshape.ttl;2;1282.204102416;1341.050232668
4;tyrol/ratingshape.ttl;2;0.12697641700000872;0.13884491500002127
4;tyrol/restaurantshape.ttl;2;5.356210911000005;5.588886206000012
4;tyrol/serviceshape.ttl;2;0.2208366129999888;0.22793980500000544
4;tyrol/skiresortshape.ttl;2;1.740147840999981;1.8347382430000039
4;tyrol/sportsactivityshape.ttl;2;10.709440663999999;11.368580430999998
4;tyrol/storeshape.ttl;2;0.004806478999995534;0.004726814999997941
4;tyrol/touristattractionshape.ttl;2;0.7497005769999987;0.783860863000001
4;tyrol/touristinformationcentershape.ttl;2;0.1943612459999997;0.2010827390000145
4;tyrol/travelactionshape.ttl;2;0.49748486900000444;0.5125915289999909
4;tyrol/wineryshape.ttl;2;0.1178527740000277;0.12280437100000086
4;tyrol/aggregateratingshape.ttl;3;0.0012188949999938359;0.0011678340000003118
4;tyrol/airportshape.ttl;3;0.05548511500001041;0.05866650999999479
4;tyrol/amusementparkshape.ttl;3;0.10366040700000667;0.10716131499998482
4;tyrol/automotivebusinessshape.ttl;3;0.43055716000000643;0.45678589700000316
4;tyrol/bakeryshape.ttl;3;0.5013214159999961;0.5223635429999831
4;tyrol/bankorcreditunionshape.ttl;3;0.20929958000002102;0.22869643100000303
4;tyrol/barorpubshape.ttl;3;2.681087300999991;2.8087487580000072
4;tyrol/beachshape.ttl;3;0.03685550500000545;0.037992358000025206
4;tyrol/bodyofwatershape.ttl;3;0.10270966900000644;0.10768824999999538
4;tyrol/bowlingalleyshape.ttl;3;0.004640743000010161;0.004544830000014599
4;tyrol/busstationshape.ttl;3;0.0197032909999848;0.020539440999982617
4;tyrol/busstop.ttl;3;0.08816140000001838;0.09272919800000068
4;tyrol/cafeorcoffeeshopshape.ttl;3;2.4065054510000152;2.531745117000014
4;tyrol/campgroundshape.ttl;3;0.15244661899998846;0.16003888500000585
4;tyrol/childcarepath.ttl;3;0.24445316699998898;0.2546493890000079
4;tyrol/churchshape.ttl;3;0.3320529559999841;0.34260564599998133
4;tyrol/cityhallshape.ttl;3;0.06083530900002643;0.0632305590000044
4;tyrol/civicstructureshape.ttl;3;1.7009216870000046;1.801190331000015
4;tyrol/contactpointshape.ttl;3;5.987983657000001;6.354409397000012
4;tyrol/drycleaningorlaundryshape.ttl;3;0.6768674959999998;0.7110582850000071
4;tyrol/educationalorganizationshape.ttl;3;0.41399021200001584;0.4368196110000042
4;tyrol/emergencyserviceshape.ttl;3;0.10361424199999192;0.10741455600000904
4;tyrol/entertainmentbusinessshape.ttl;3;0.9305961000000025;0.9720149409999976
4;tyrol/eventshape.ttl;3;;
4;tyrol/financialserviceshape.ttl;3;0.45798421899999653;0.474759143
4;tyrol/foodestablishmentshape.ttl;3;0.6894904709999992;0.7296197390000145
4;tyrol/geocoordinatesshape.ttl;3;848.396506717;871.937722183
4;tyrol/geoshapeshape.ttl;3;2.3087457409999956;2.458594734000002
4;tyrol/golfcourseshape.ttl;3;0.18591489799999295;0.1971588719999886
4;tyrol/governmentbuildingshape.ttl;3;0.2614083709999875;0.27298455899997975
4;tyrol/healthandbeautybusinessshape.ttl;3;0.9385352390000037;0.9978718220000076
4;tyrol/hotelshape.ttl;3;;
4;tyrol/icecreamshopshape.ttl;3;0.09115472999999952;0.09444208000002163
4;tyrol/imageobjectshape.ttl;3;2257.505238922;2333.091387224
4;tyrol/lakebodyofwatershape.ttl;3;0.06657558000000563;0.06860081400000695
4;tyrol/landmarksorhistoricalbuildingsshape.ttl;3;0.07836529799999425;0.08240544699998509
4;tyrol/libraryshape.ttl;3;0.060730481999996755;0.0626308680000136
4;tyrol/localbusinesshape.ttl;3;;
4;tyrol/locationfeaturespecificationshape.ttl;3;23.021057817999974;24.114073297000004
4;tyrol/movietheathershape.ttl;3;0.013519878000010976;0.01417634300000259
4;tyrol/offershape.ttl;3;23.917704535000013;24.620100151999992
4;tyrol/openinghoursspecificationshape.ttl;3;8.05428182899999;8.623620348000003
4;tyrol/organizationshape.ttl;3;1.759556406999991;1.825276720000005
4;tyrol/parkshape.ttl;3;0.03504942399999322;0.03673712200000523
4;tyrol/personshape.ttl;3;0.2704756589999988;0.286568520000003
4;tyrol/placeshape.ttl;3;1887.516251394;1971.613992008
4;tyrol/postaladdressshape.ttl;3;1279.439086547;1345.6525774919999
4;tyrol/ratingshape.ttl;3;0.1279900509999834;0.13236179800000514
4;tyrol/restaurantshape.ttl;3;5.400101049;5.58381427499998
4;tyrol/serviceshape.ttl;3;0.22161514900000157;0.23656902499999433
4;tyrol/skiresortshape.ttl;3;1.7386623950000057;1.8099053370000036
4;tyrol/sportsactivityshape.ttl;3;10.652462707000012;11.394066564999974
4;tyrol/storeshape.ttl;3;0.004782599999998638;0.0048580849999950715
4;tyrol/touristattractionshape.ttl;3;0.7508896269999923;0.7996333069999935
4;tyrol/touristinformationcentershape.ttl;3;0.1916708290000031;0.19944653100000664
4;tyrol/travelactionshape.ttl;3;0.4911900179999975;0.5355859200000168
4;tyrol/wineryshape.ttl;3;0.11893489899998144;0.1229327890000036
4;tyrol/aggregateratingshape.ttl;4;0.0012294130000043424;0.001169360999995206
4;tyrol/airportshape.ttl;4;0.0550898110000162;0.05747976899999685
4;tyrol/amusementparkshape.ttl;4;0.10302555799998458;0.11783145600000466
4;tyrol/automotivebusinessshape.ttl;4;0.4363579249999816;0.45295461300000284
4;tyrol/bakeryshape.ttl;4;0.5059307319999959;0.5230871299999933
4;tyrol/bankorcreditunionshape.ttl;4;0.20906078499999126;0.2203662290000068
4;tyrol/barorpubshape.ttl;4;2.7117854649999913;2.8180810549999933
4;tyrol/beachshape.ttl;4;0.03702786699997773;0.03838139199999091
4;tyrol/bodyofwatershape.ttl;4;0.10432675900000277;0.10872015999999007
4;tyrol/bowlingalleyshape.ttl;4;0.004737946000005877;0.004575020000004315
4;tyrol/busstationshape.ttl;4;0.01989230399999542;0.020746288999987428
4;tyrol/busstop.ttl;4;0.08823957799998539;0.092933515999988
4;tyrol/cafeorcoffeeshopshape.ttl;4;2.3719832689999976;2.537841162999996
4;tyrol/campgroundshape.ttl;4;0.1545257079999942;0.15814508599999044
4;tyrol/childcarepath.ttl;4;0.24261170999997717;0.2539447879999841
4;tyrol/churchshape.ttl;4;0.32814023299999917;0.3407127019999905
4;tyrol/cityhallshape.ttl;4;0.06063341899999841;0.06355894300000386
4;tyrol/civicstructureshape.ttl;4;1.7050591329999918;1.8152178090000177
4;tyrol/contactpointshape.ttl;4;6.091432763;6.303464544000008
4;tyrol/drycleaningorlaundryshape.ttl;4;0.6755203019999954;0.7125105910000116
4;tyrol/educationalorganizationshape.ttl;4;0.4106649990000051;0.4332511379999744
4;tyrol/emergencyserviceshape.ttl;4;0.10354734300000246;0.10812504499997999
4;tyrol/entertainmentbusinessshape.ttl;4;0.9263012689999925;0.9680615320000072
4;tyrol/eventshape.ttl;4;;
4;tyrol/financialserviceshape.ttl;4;0.4557059999999922;0.4770504130000006
4;tyrol/foodestablishmentshape.ttl;4;0.6843772480000041;0.7275522549999778
4;tyrol/geocoordinatesshape.ttl;4;837.8853644600001;879.471208151
4;tyrol/geoshapeshape.ttl;4;2.3016842350000104;2.4282941929999993
4;tyrol/golfcourseshape.ttl;4;0.18968226199999094;0.1963719949999927
4;tyrol/governmentbuildingshape.ttl;4;0.2606243040000038;0.27887165999999297
4;tyrol/healthandbeautybusinessshape.ttl;4;0.9400440299999957;0.9871450779999975
4;tyrol/hotelshape.ttl;4;;
4;tyrol/icecreamshopshape.ttl;4;0.08999732399999516;0.09468117200000847
4;tyrol/imageobjectshape.ttl;4;2237.8297985570002;2356.801123772
4;tyrol/lakebodyofwatershape.ttl;4;0.06566128599999388;0.0687003470000036
4;tyrol/landmarksorhistoricalbuildingsshape.ttl;4;0.07885458800001288;0.08196339599999192
4;tyrol/libraryshape.ttl;4;0.06047804100001031;0.062480695999994396
4;tyrol/localbusinesshape.ttl;4;;
4;tyrol/locationfeaturespecificationshape.ttl;4;23.27111987500001;24.278554093999986
4;tyrol/movietheathershape.ttl;4;0.013671780000009903;0.025058087999980216
4;tyrol/offershape.ttl;4;23.972616038000012;24.466114382
4;tyrol/openinghoursspecificationshape.ttl;4;8.063901877000006;8.741897073000018
4;tyrol/organizationshape.ttl;4;1.7557835140000009;1.842601344000002
4;tyrol/parkshape.ttl;4;0.0362169720000054;0.03690459999998552
4;tyrol/personshape.ttl;4;0.26889521399999694;0.2891560069999741
4;tyrol/placeshape.ttl;4;1859.0855230390002;1943.897125242
4;tyrol/postaladdressshape.ttl;4;1260.6254747369999;1349.9354216309998
4;tyrol/ratingshape.ttl;4;0.1289540269999918;0.13352487399998836
4;tyrol/restaurantshape.ttl;4;5.2988486739999985;5.572697495
4;tyrol/serviceshape.ttl;4;0.22058769099999154;0.23261619499999142
4;tyrol/skiresortshape.ttl;4;1.743982179999989;1.8265593250000052
4;tyrol/sportsactivityshape.ttl;4;10.835542253;11.350182393000011
4;tyrol/storeshape.ttl;4;0.004735597999996344;0.004737549999987323
4;tyrol/touristattractionshape.ttl;4;0.7491386599999998;0.799530969999978
4;tyrol/touristinformationcentershape.ttl;4;0.19397791500000494;0.20914374200000907
4;tyrol/travelactionshape.ttl;4;0.49908980999998676;0.5202953259999958
4;tyrol/wineryshape.ttl;4;0.11964601200000402;0.12265352800000073
4;tyrol/aggregateratingshape.ttl;5;0.0012204580000059195;0.001161445999997568
4;tyrol/airportshape.ttl;5;0.05560276400001385;0.05784701900000755
4;tyrol/amusementparkshape.ttl;5;0.10233424400001923;0.10617960200002585
4;tyrol/automotivebusinessshape.ttl;5;0.43370697700001415;0.46743316199999185
4;tyrol/bakeryshape.ttl;5;0.5026313349999896;0.5211641729999883
4;tyrol/bankorcreditunionshape.ttl;5;0.21191919000000325;0.21942725400000995
4;tyrol/barorpubshape.ttl;5;2.6851730439999812;2.811974943000024
4;tyrol/beachshape.ttl;5;0.0364262710000105;0.038403079999994816
4;tyrol/bodyofwatershape.ttl;5;0.10454658300000119;0.11019639100001655
4;tyrol/bowlingalleyshape.ttl;5;0.004723534999982348;0.004597059000019499
4;tyrol/busstationshape.ttl;5;0.019925656999987496;0.020711296000001767
4;tyrol/busstop.ttl;5;0.08796570300000894;0.09293201899998849
4;tyrol/cafeorcoffeeshopshape.ttl;5;2.4156314240000256;2.532887488
4;tyrol/campgroundshape.ttl;5;0.15263716199999067;0.15919001800000387
4;tyrol/childcarepath.ttl;5;0.24491889699999092;0.264663502000019
4;tyrol/churchshape.ttl;5;0.3287793400000112;0.3528023530000155
4;tyrol/cityhallshape.ttl;5;0.06052485800000795;0.06281507500000316
4;tyrol/civicstructureshape.ttl;5;1.7201805660000105;1.8162823950000018
4;tyrol/contactpointshape.ttl;5;6.1591649000000075;6.267765125000011
4;tyrol/drycleaningorlaundryshape.ttl;5;0.6633090969999955;0.7122655889999976
4;tyrol/educationalorganizationshape.ttl;5;0.4076787379999871;0.4374385560000178
4;tyrol/emergencyserviceshape.ttl;5;0.10285473700000125;0.10775165300000822
4;tyrol/entertainmentbusinessshape.ttl;5;0.9253899320000016;0.9773117450000086
4;tyrol/eventshape.ttl;5;;
4;tyrol/financialserviceshape.ttl;5;0.4526279160000115;0.4852757479999923
4;tyrol/foodestablishmentshape.ttl;5;0.6831914410000195;0.7295689780000032
4;tyrol/geocoordinatesshape.ttl;5;855.1235763410001;880.1163073540001
4;tyrol/geoshapeshape.ttl;5;2.3280823839999982;2.4117122170000016
4;tyrol/golfcourseshape.ttl;5;0.18674409700000183;0.1950836739999886
4;tyrol/governmentbuildingshape.ttl;5;0.2575024669999948;0.2764571369999942
4;tyrol/healthandbeautybusinessshape.ttl;5;0.9310698289999948;0.9878097099999934
4;tyrol/hotelshape.ttl;5;;
4;tyrol/icecreamshopshape.ttl;5;0.08969142799998053;0.09333439800002452
4;tyrol/imageobjectshape.ttl;5;2242.1292755110003;2363.0960609239996
4;tyrol/lakebodyofwatershape.ttl;5;0.06690666000000078;0.06984085199999868
4;tyrol/landmarksorhistoricalbuildingsshape.ttl;5;0.0787921019999942;0.08170794099999057
4;tyrol/libraryshape.ttl;5;0.05970550399999297;0.06298588300001029
4;tyrol/localbusinesshape.ttl;5;;
4;tyrol/locationfeaturespecificationshape.ttl;5;23.382663467999976;23.968600820999995
4;tyrol/movietheathershape.ttl;5;0.013586076999985153;0.01410265800001298
4;tyrol/offershape.ttl;5;24.170883533000023;24.79884268500001
4;tyrol/openinghoursspecificationshape.ttl;5;7.971500420000012;8.684120940000014
4;tyrol/organizationshape.ttl;5;1.773004716999992;1.8343120300000066
4;tyrol/parkshape.ttl;5;0.03529263300001162;0.03679837000001385
4;tyrol/personshape.ttl;5;0.2678551789999801;0.2998888589999922
4;tyrol/placeshape.ttl;5;1894.9282470520002;1975.627206016
4;tyrol/postaladdressshape.ttl;5;1277.8755503460002;1340.556289987
4;tyrol/ratingshape.ttl;5;0.12795532999999182;0.133159323000001
4;tyrol/restaurantshape.ttl;5;5.327853946999994;5.554233843999981
4;tyrol/serviceshape.ttl;5;0.22050689099998522;0.2268945540000118
4;tyrol/skiresortshape.ttl;5;1.749537771000007;1.824276258999987
4;tyrol/sportsactivityshape.ttl;5;10.622464259999987;11.419301147999988
4;tyrol/storeshape.ttl;5;0.004760788000027105;0.0048133370000016384
4;tyrol/touristattractionshape.ttl;5;0.7419771379999816;0.8081198459999825
4;tyrol/touristinformationcentershape.ttl;5;0.19095970000000762;0.20144701399999576
4;tyrol/travelactionshape.ttl;5;0.4901375270000017;0.5220379940000157
4;tyrol/wineryshape.ttl;5;0.1179231389999984;0.12192583800000989
5;tyrol/aggregateratingshape.ttl;1;0.0012636669999892547;0.0011776200000213066
5;tyrol/airportshape.ttl;1;0.05537519999995766;0.05805185900004517
5;tyrol/amusementparkshape.ttl;1;0.10166426400002138;0.10742765600002713
5;tyrol/automotivebusinessshape.ttl;1;0.4319584240000154;0.4507616189999908
5;tyrol/bakeryshape.ttl;1;0.5059763559999624;0.5171183690000021
5;tyrol/bankorcreditunionshape.ttl;1;0.21145560700000487;0.22203744800003733
5;tyrol/barorpubshape.ttl;1;2.6746812229999932;2.8256390880000026
5;tyrol/beachshape.ttl;1;0.036578288999976394;0.03803034100002378
5;tyrol/bodyofwatershape.ttl;1;0.1032982469999979;0.10772202399999742
5;tyrol/bowlingalleyshape.ttl;1;0.004703082999981234;0.004558806999966691
5;tyrol/busstationshape.ttl;1;0.019773188999977265;0.020372190999978557
5;tyrol/busstop.ttl;1;0.08904906499998333;0.09186497700000018
5;tyrol/cafeorcoffeeshopshape.ttl;1;2.4391685269999925;2.519005655000001
5;tyrol/campgroundshape.ttl;1;0.15189725400000498;0.1582175909999819
5;tyrol/childcarepath.ttl;1;0.24737366599998722;0.255540031999999
5;tyrol/churchshape.ttl;1;0.3299705059999951;0.3411574650000375
5;tyrol/cityhallshape.ttl;1;0.061110847000009016;0.06336283600001025
5;tyrol/civicstructureshape.ttl;1;1.6999614320000092;1.800194733000012
5;tyrol/contactpointshape.ttl;1;6.143041498000002;6.381900016999964
5;tyrol/drycleaningorlaundryshape.ttl;1;0.675395170999991;0.700106538
5;tyrol/educationalorganizationshape.ttl;1;0.41146489699997346;0.432648735999976
5;tyrol/emergencyserviceshape.ttl;1;0.10404607399999577;0.10817322099995863
5;tyrol/entertainmentbusinessshape.ttl;1;0.9277682070000424;0.9731825220000019
5;tyrol/eventshape.ttl;1;;
5;tyrol/financialserviceshape.ttl;1;0.4494678560000125;0.46902677500003165
5;tyrol/foodestablishmentshape.ttl;1;0.6889734029999772;0.722787707000009
5;tyrol/geocoordinatesshape.ttl;1;1081.3323668839998;1137.874206765
5;tyrol/geoshapeshape.ttl;1;2.3150840359999734;2.4015819680000163
5;tyrol/golfcourseshape.ttl;1;0.18648072900003854;0.1967964969999798
5;tyrol/governmentbuildingshape.ttl;1;0.25872233600000527;0.2744664420000049
5;tyrol/healthandbeautybusinessshape.ttl;1;0.9375231189999909;0.9964363300000514
5;tyrol/hotelshape.ttl;1;;
5;tyrol/icecreamshopshape.ttl;1;0.09041697700001805;0.09414210400001366
5;tyrol/imageobjectshape.ttl;1;2978.7517855200003;3231.261367792
5;tyrol/lakebodyofwatershape.ttl;1;0.07090213899999753;0.06959947899997587
5;tyrol/landmarksorhistoricalbuildingsshape.ttl;1;0.0791885040000011;0.08183062900002369
5;tyrol/libraryshape.ttl;1;0.06078223899999102;0.06324739100000443
5;tyrol/localbusinesshape.ttl;1;;
5;tyrol/locationfeaturespecificationshape.ttl;1;23.641544546000034;24.190167766000002
5;tyrol/movietheathershape.ttl;1;0.013673707999998896;0.013979294000023401
5;tyrol/offershape.ttl;1;23.955439891000026;24.698811712999998
5;tyrol/openinghoursspecificationshape.ttl;1;8.213349564999987;8.629578976999994
5;tyrol/organizationshape.ttl;1;1.7662270240000453;1.8377805389999935
5;tyrol/parkshape.ttl;1;0.03497510599999032;0.03670815999998922
5;tyrol/personshape.ttl;1;0.272782712000037;0.28944288600001755
5;tyrol/placeshape.ttl;1;2416.220441063;2528.271768166
5;tyrol/postaladdressshape.ttl;1;1656.185174381;1725.564911984
5;tyrol/ratingshape.ttl;1;0.12923432900004173;0.13312673499996208
5;tyrol/restaurantshape.ttl;1;5.234028852999984;5.553902343999994
5;tyrol/serviceshape.ttl;1;0.2181206399999951;0.22894966699999486
5;tyrol/skiresortshape.ttl;1;1.7286991369999782;1.810090559999992
5;tyrol/sportsactivityshape.ttl;1;10.859256830999982;11.241929486000004
5;tyrol/storeshape.ttl;1;0.004776807999974153;0.004734746999986328
5;tyrol/touristattractionshape.ttl;1;0.7432730680000077;0.7919648530000245
5;tyrol/touristinformationcentershape.ttl;1;0.19213927399999875;0.2021990810000034
5;tyrol/travelactionshape.ttl;1;0.5000481339999965;0.5184036420000098
5;tyrol/wineryshape.ttl;1;0.11844352700001082;0.12988156500000514
5;tyrol/aggregateratingshape.ttl;2;0.0012382539999862274;0.001183850000018083
5;tyrol/airportshape.ttl;2;0.056287010000005466;0.057499141999983294
5;tyrol/amusementparkshape.ttl;2;0.10326797999999826;0.10687684600003422
5;tyrol/automotivebusinessshape.ttl;2;0.43411648200003583;0.4488281049999614
5;tyrol/bakeryshape.ttl;2;0.5081835259999821;0.5335221329999627
5;tyrol/bankorcreditunionshape.ttl;2;0.21242506900000535;0.22342813500000602
5;tyrol/barorpubshape.ttl;2;2.6473242569999798;2.8090535199999636
5;tyrol/beachshape.ttl;2;0.036504909999962365;0.03842460499998879
5;tyrol/bodyofwatershape.ttl;2;0.10266883299999563;0.10905578500000956
5;tyrol/bowlingalleyshape.ttl;2;0.004665915000032328;0.004586797999991177
5;tyrol/busstationshape.ttl;2;0.019784001999994416;0.020599741000012273
5;tyrol/busstop.ttl;2;0.08959552699997175;0.09261856000000535
5;tyrol/cafeorcoffeeshopshape.ttl;2;2.4084491210000465;2.5285039930000153
5;tyrol/campgroundshape.ttl;2;0.15125762999997505;0.15809977200001413
5;tyrol/childcarepath.ttl;2;0.24280771999997341;0.2555439640000259
5;tyrol/churchshape.ttl;2;0.3281551880000393;0.3395014249999804
5;tyrol/cityhallshape.ttl;2;0.060475777000021935;0.06400127699998848
5;tyrol/civicstructureshape.ttl;2;1.7062254720000283;1.832484036999972
5;tyrol/contactpointshape.ttl;2;6.082916398000009;6.381085593000023
5;tyrol/drycleaningorlaundryshape.ttl;2;0.6715893219999884;0.696814130000007
5;tyrol/educationalorganizationshape.ttl;2;0.40903740699997115;0.4432640669999728
5;tyrol/emergencyserviceshape.ttl;2;0.10226940500001547;0.10824057700000367
5;tyrol/entertainmentbusinessshape.ttl;2;0.9160946720000425;0.9693145850000064
5;tyrol/eventshape.ttl;2;;
5;tyrol/financialserviceshape.ttl;2;0.44613716999998587;0.48004370800003926
5;tyrol/foodestablishmentshape.ttl;2;0.6844504389999884;0.725741567
5;tyrol/geocoordinatesshape.ttl;2;1082.8406846750001;1147.549749997
5;tyrol/geoshapeshape.ttl;2;2.3196711929999765;2.4632429279999997
5;tyrol/golfcourseshape.ttl;2;0.18923811000001933;0.19676271599996653
5;tyrol/governmentbuildingshape.ttl;2;0.26018992600000956;0.2851898450000476
5;tyrol/healthandbeautybusinessshape.ttl;2;0.9417155450000223;0.978835370000013
5;tyrol/hotelshape.ttl;2;;
5;tyrol/icecreamshopshape.ttl;2;0.08981445900002427;0.09381723499996042
5;tyrol/imageobjectshape.ttl;2;3001.115331006;3235.665544786
5;tyrol/lakebodyofwatershape.ttl;2;0.06704601699999557;0.06964013399999658
5;tyrol/landmarksorhistoricalbuildingsshape.ttl;2;0.07911810199999536;0.08248310700003003
5;tyrol/libraryshape.ttl;2;0.060638003999997636;0.06335142400001814
5;tyrol/localbusinesshape.ttl;2;;
5;tyrol/locationfeaturespecificationshape.ttl;2;23.24193455599999;24.162418050999975
5;tyrol/movietheathershape.ttl;2;0.013784410000027947;0.014075160999993841
5;tyrol/offershape.ttl;2;24.001283807999982;24.83401376400002
5;tyrol/openinghoursspecificationshape.ttl;2;8.230124294999996;8.713754946999984
5;tyrol/organizationshape.ttl;2;1.7714890109999715;1.826629287000003
5;tyrol/parkshape.ttl;2;0.035202321999975084;0.036667350000016086
5;tyrol/personshape.ttl;2;0.26678504699998484;0.2867504760000088
5;tyrol/placeshape.ttl;2;2379.51804611;2529.15775369
5;tyrol/postaladdressshape.ttl;2;1644.188469427;1717.376703111
5;tyrol/ratingshape.ttl;2;0.12651537099998222;0.130466336999973
5;tyrol/restaurantshape.ttl;2;5.33261463499997;5.517904928000007
5;tyrol/serviceshape.ttl;2;0.22204396300003282;0.24057544999999436
5;tyrol/skiresortshape.ttl;2;1.735866043000044;1.8026172140000085
5;tyrol/sportsactivityshape.ttl;2;10.780084620999958;11.509062121999989
5;tyrol/storeshape.ttl;2;0.004871183999966888;0.004716599999994742
5;tyrol/touristattractionshape.ttl;2;0.7554622339999923;0.7951112970000054
5;tyrol/touristinformationcentershape.ttl;2;0.19370743700000048;0.2011557470000298
5;tyrol/travelactionshape.ttl;2;0.48897022899996045;0.518723953999995
5;tyrol/wineryshape.ttl;2;0.11867274299999053;0.12311878200000592
5;tyrol/aggregateratingshape.ttl;3;0.0012262210000244522;0.0011838099999863516
5;tyrol/airportshape.ttl;3;0.05564682599998605;0.057965402999968774
5;tyrol/amusementparkshape.ttl;3;0.1010782870000071;0.10804167999998526
5;tyrol/automotivebusinessshape.ttl;3;0.4349500920000082;0.4570960959999866
5;tyrol/bakeryshape.ttl;3;0.5060245429999668;0.527297558999976
5;tyrol/bankorcreditunionshape.ttl;3;0.21135273300001245;0.22104477599998518
5;tyrol/barorpubshape.ttl;3;2.6911642250000227;2.8356168340000067
5;tyrol/beachshape.ttl;3;0.037259332000019185;0.037931125000000065
5;tyrol/bodyofwatershape.ttl;3;0.10394215700000586;0.10958674200003315
5;tyrol/bowlingalleyshape.ttl;3;0.004791540999974586;0.004577557999994042
5;tyrol/busstationshape.ttl;3;0.020004868000000897;0.020644522999987203
5;tyrol/busstop.ttl;3;0.08786296099998481;0.09269531500001449
5;tyrol/cafeorcoffeeshopshape.ttl;3;2.409045583999955;2.4875329870000087
5;tyrol/campgroundshape.ttl;3;0.152239518999977;0.16510418399997207
5;tyrol/childcarepath.ttl;3;0.24126059700000724;0.26741375799997513
5;tyrol/churchshape.ttl;3;0.32431772500001443;0.3498147779999954
5;tyrol/cityhallshape.ttl;3;0.06063624599994455;0.06421167499996727
5;tyrol/civicstructureshape.ttl;3;1.7293869690000179;1.7909729119999724
5;tyrol/contactpointshape.ttl;3;6.190666163000003;6.41769855199999
5;tyrol/drycleaningorlaundryshape.ttl;3;0.6687210950000235;0.7043611210000336
5;tyrol/educationalorganizationshape.ttl;3;0.4086489950000214;0.43423661399998537
5;tyrol/emergencyserviceshape.ttl;3;0.10287819300003775;0.10755565599998818
5;tyrol/entertainmentbusinessshape.ttl;3;0.9099342149999643;0.9740601870000205
5;tyrol/eventshape.ttl;3;;
5;tyrol/financialserviceshape.ttl;3;0.45597000200001503;0.4730335439999749
5;tyrol/foodestablishmentshape.ttl;3;0.6807747219999669;0.7291044159999842
5;tyrol/geocoordinatesshape.ttl;3;1100.368419623;1140.8220851800002
5;tyrol/geoshapeshape.ttl;3;2.351906657000029;2.4842961519999562
5;tyrol/golfcourseshape.ttl;3;0.18786483999997472;0.1962679499999922
5;tyrol/governmentbuildingshape.ttl;3;0.26039021200000434;0.28113814400001047
5;tyrol/healthandbeautybusinessshape.ttl;3;0.9391409649999787;0.9879160849999948
5;tyrol/hotelshape.ttl;3;;
5;tyrol/icecreamshopshape.ttl;3;0.08928512099998898;0.09502614499996298
5;tyrol/imageobjectshape.ttl;3;3024.8396521180002;3207.6099466550004
5;tyrol/lakebodyofwatershape.ttl;3;0.06568791499995541;0.06941614100003335
5;tyrol/landmarksorhistoricalbuildingsshape.ttl;3;0.07873039399999016;0.08282104900001741
5;tyrol/libraryshape.ttl;3;0.0612904510000476;0.06304965799995443
5;tyrol/localbusinesshape.ttl;3;;
5;tyrol/locationfeaturespecificationshape.ttl;3;23.41184329699996;24.16664446699997
5;tyrol/movietheathershape.ttl;3;0.013844025999958376;0.013851471999998921
5;tyrol/offershape.ttl;3;23.866873370999997;24.75626674800003
5;tyrol/openinghoursspecificationshape.ttl;3;8.157099451000022;8.59062753500001
5;tyrol/organizationshape.ttl;3;1.7290152500000318;1.825241367999979
5;tyrol/parkshape.ttl;3;0.035500826999964374;0.03682101700002249
5;tyrol/personshape.ttl;3;0.26607485199997427;0.29126484200003233
5;tyrol/placeshape.ttl;3;2439.2880435009997;2524.736145896
5;tyrol/postaladdressshape.ttl;3;1650.834158605;1742.279231287
5;tyrol/ratingshape.ttl;3;0.12650797100002364;0.1349797520000493
5;tyrol/restaurantshape.ttl;3;5.330919229000017;5.619503072999976
5;tyrol/serviceshape.ttl;3;0.21856789999998227;0.22911522499998682
5;tyrol/skiresortshape.ttl;3;1.7350226710000243;1.8380647120000049
5;tyrol/sportsactivityshape.ttl;3;10.665553614000032;11.444281482999997
5;tyrol/storeshape.ttl;3;0.004794919999994818;0.004694835999998759
5;tyrol/touristattractionshape.ttl;3;0.7570198710000113;0.7939868309999838
5;tyrol/touristinformationcentershape.ttl;3;0.1928266919999828;0.20600479400002314
5;tyrol/travelactionshape.ttl;3;0.49035147000000734;0.5161653559999877
5;tyrol/wineryshape.ttl;3;0.11854805699999815;0.12277017299999216
5;tyrol/aggregateratingshape.ttl;4;0.0012376189999940834;0.0011783650000438683
5;tyrol/airportshape.ttl;4;0.05472718999999415;0.05785213200005046
5;tyrol/amusementparkshape.ttl;4;0.10119135399997958;0.10678325300000324
5;tyrol/automotivebusinessshape.ttl;4;0.4347116139999798;0.45841362099997696
5;tyrol/bakeryshape.ttl;4;0.4991063559999702;0.5317982169999595
5;tyrol/bankorcreditunionshape.ttl;4;0.21224177499999541;0.2205467069999827
5;tyrol/barorpubshape.ttl;4;2.7260962060000224;2.797434285999998
5;tyrol/beachshape.ttl;4;0.03651449599999523;0.03788636100000531
5;tyrol/bodyofwatershape.ttl;4;0.10207673599995815;0.11978708100002677
5;tyrol/bowlingalleyshape.ttl;4;0.004704356999980064;0.004570225999998456
5;tyrol/busstationshape.ttl;4;0.020168929000021762;0.020773430000019744
5;tyrol/busstop.ttl;4;0.08936555899998666;0.0913714220000088
5;tyrol/cafeorcoffeeshopshape.ttl;4;2.398892566000029;2.5528426930000023
5;tyrol/campgroundshape.ttl;4;0.1528540930000304;0.15870069499999317
5;tyrol/childcarepath.ttl;4;0.24418308700001035;0.25341582099997595
5;tyrol/churchshape.ttl;4;0.32725034599997116;0.34195471299995006
5;tyrol/cityhallshape.ttl;4;0.06134052499999143;0.06468436900001961
5;tyrol/civicstructureshape.ttl;4;1.699218290000033;1.8217617300000484
5;tyrol/contactpointshape.ttl;4;6.1531415419999576;6.351471757000013
5;tyrol/drycleaningorlaundryshape.ttl;4;0.6664309589999675;0.7047550139999998
5;tyrol/educationalorganizationshape.ttl;4;0.41522631399999455;0.4330884229999583
5;tyrol/emergencyserviceshape.ttl;4;0.10305331500001103;0.1076809240000216
5;tyrol/entertainmentbusinessshape.ttl;4;0.9158380650000026;0.9662104490000161
5;tyrol/eventshape.ttl;4;;
5;tyrol/financialserviceshape.ttl;4;0.4507006129999809;0.48241380399997524
5;tyrol/foodestablishmentshape.ttl;4;0.687991908000015;0.7302194039999677
5;tyrol/geocoordinatesshape.ttl;4;1092.5656343590001;1130.118460021
5;tyrol/geoshapeshape.ttl;4;2.3485605139999848;2.461307806000036
5;tyrol/golfcourseshape.ttl;4;0.18951758499997595;0.19807220400002734
5;tyrol/governmentbuildingshape.ttl;4;0.26180830999999216;0.2725028469999984
5;tyrol/healthandbeautybusinessshape.ttl;4;0.9368274480000309;0.9896723439999846
5;tyrol/hotelshape.ttl;4;;
5;tyrol/icecreamshopshape.ttl;4;0.09076041999998097;0.09466616700001396
5;tyrol/imageobjectshape.ttl;4;2949.788570153;3186.5638607359997
5;tyrol/lakebodyofwatershape.ttl;4;0.06746913399996401;0.06927982700000257
5;tyrol/landmarksorhistoricalbuildingsshape.ttl;4;0.0801240650000068;0.08247196999997186
5;tyrol/libraryshape.ttl;4;0.06134975399999121;0.06344853400003103
5;tyrol/localbusinesshape.ttl;4;;
5;tyrol/locationfeaturespecificationshape.ttl;4;23.387823798;24.22355440399997
5;tyrol/movietheathershape.ttl;4;0.013639998000030573;0.013972971000043799
5;tyrol/offershape.ttl;4;24.17828371600001;24.806447794999997
5;tyrol/openinghoursspecificationshape.ttl;4;8.142879617999995;8.733756445999973
5;tyrol/organizationshape.ttl;4;1.741732710000008;1.8456004839999878
5;tyrol/parkshape.ttl;4;0.035289658000010604;0.036637860000041655
5;tyrol/personshape.ttl;4;0.26899226300002965;0.29096214400004783
5;tyrol/placeshape.ttl;4;2433.051659323;2525.7121394759997
5;tyrol/postaladdressshape.ttl;4;1641.888175422;1735.8279048919999
5;tyrol/ratingshape.ttl;4;0.12718280799998638;0.13311750600001915
5;tyrol/restaurantshape.ttl;4;5.315356686999962;5.577126566000004
5;tyrol/serviceshape.ttl;4;0.22175069599995823;0.22804893699998274
5;tyrol/skiresortshape.ttl;4;1.7292902799999865;1.824758476999989
5;tyrol/sportsactivityshape.ttl;4;10.71083157999999;11.35457287500003
5;tyrol/storeshape.ttl;4;0.004792899999984002;0.004701815000032639
5;tyrol/touristattractionshape.ttl;4;0.7549907040000221;0.7982178120000185
5;tyrol/touristinformationcentershape.ttl;4;0.19052135900000167;0.20299113800001578
5;tyrol/travelactionshape.ttl;4;0.4929560429999924;0.5129912289999652
5;tyrol/wineryshape.ttl;4;0.1168053769999915;0.12214655400003949
5;tyrol/aggregateratingshape.ttl;5;0.0012423200000171164;0.0011895530000174404
5;tyrol/airportshape.ttl;5;0.055466288000047825;0.057288744999993924
5;tyrol/amusementparkshape.ttl;5;0.10251113700002179;0.10681932500000357
5;tyrol/automotivebusinessshape.ttl;5;0.4296145150000257;0.46148357999999234
5;tyrol/bakeryshape.ttl;5;0.49520867800004;0.5210911300000021
5;tyrol/bankorcreditunionshape.ttl;5;0.21036731700002065;0.22238503099998752
5;tyrol/barorpubshape.ttl;5;2.718292126999984;2.8217828239999676
5;tyrol/beachshape.ttl;5;0.036955141000021285;0.03846408100002918
5;tyrol/bodyofwatershape.ttl;5;0.1045620589999885;0.10777206700004172
5;tyrol/bowlingalleyshape.ttl;5;0.004703511000002436;0.004669868000007682
5;tyrol/busstationshape.ttl;5;0.020089400999950158;0.020601976999955696
5;tyrol/busstop.ttl;5;0.09003990100001147;0.09405110200003719
5;tyrol/cafeorcoffeeshopshape.ttl;5;2.4107625469999903;2.5397339549999742
5;tyrol/campgroundshape.ttl;5;0.15145407999995086;0.16050728099997968
5;tyrol/childcarepath.ttl;5;0.24659123700001828;0.2555699689999642
5;tyrol/churchshape.ttl;5;0.33220473099999026;0.34449237900003027
5;tyrol/cityhallshape.ttl;5;0.06106472900000881;0.06408642000002374
5;tyrol/civicstructureshape.ttl;5;1.7010918600000196;1.815340085999992
5;tyrol/contactpointshape.ttl;5;6.195055475000004;6.371058620999975
5;tyrol/drycleaningorlaundryshape.ttl;5;0.6717023990000257;0.7014304049999964
5;tyrol/educationalorganizationshape.ttl;5;0.4103985130000183;0.4333210009999675
5;tyrol/emergencyserviceshape.ttl;5;0.1044177419999528;0.10830359400000589
5;tyrol/entertainmentbusinessshape.ttl;5;0.9265593099999592;0.9604300089999924
5;tyrol/eventshape.ttl;5;;
5;tyrol/financialserviceshape.ttl;5;0.4555693439999686;0.4852236909999874
5;tyrol/foodestablishmentshape.ttl;5;0.6880888979999895;0.7137398009999742
5;tyrol/geocoordinatesshape.ttl;5;1092.18964252;1136.391717102
5;tyrol/geoshapeshape.ttl;5;2.357311332999984;2.4715885520000143
5;tyrol/golfcourseshape.ttl;5;0.18653821699996342;0.19501181299995096
5;tyrol/governmentbuildingshape.ttl;5;0.26348358500001723;0.2739261620000093
5;tyrol/healthandbeautybusinessshape.ttl;5;0.9379888370000344;0.9780815889999985
5;tyrol/hotelshape.ttl;5;;
5;tyrol/icecreamshopshape.ttl;5;0.08971319500000163;0.09450129499998638
5;tyrol/imageobjectshape.ttl;5;2993.0293533540002;3239.067960275
5;tyrol/lakebodyofwatershape.ttl;5;0.0666818270000249;0.06956556500000488
5;tyrol/landmarksorhistoricalbuildingsshape.ttl;5;0.07951199999996561;0.08298529199998939
5;tyrol/libraryshape.ttl;5;0.06212669899997536;0.07034647799997629
5;tyrol/localbusinesshape.ttl;5;;
5;tyrol/locationfeaturespecificationshape.ttl;5;23.362391951999996;24.306925585999977
5;tyrol/movietheathershape.ttl;5;0.013723066000011386;0.013932188000012502
5;tyrol/offershape.ttl;5;23.623906872999953;24.881136913999967
5;tyrol/openinghoursspecificationshape.ttl;5;8.062363318999985;8.591434246999995
5;tyrol/organizationshape.ttl;5;1.7561997579999797;1.837471351999966
5;tyrol/parkshape.ttl;5;0.03511553700002423;0.0369058260000088
5;tyrol/personshape.ttl;5;0.2689558369999645;0.29459254299996473
5;tyrol/placeshape.ttl;5;2410.459830718;2552.451373121
5;tyrol/postaladdressshape.ttl;5;1656.921123615;1722.211714948
5;tyrol/ratingshape.ttl;5;0.12818669799997906;0.13607523899997886
5;tyrol/restaurantshape.ttl;5;5.312515587999997;5.577517202000024
5;tyrol/serviceshape.ttl;5;0.2225564360000476;0.22833242500001916
5;tyrol/skiresortshape.ttl;5;1.730031036000014;1.823042015999988
5;tyrol/sportsactivityshape.ttl;5;10.574585474999992;11.328813314000001
5;tyrol/storeshape.ttl;5;0.004891183000040655;0.004694487999984176
5;tyrol/touristattractionshape.ttl;5;0.750176367999984;0.7898142660000076
5;tyrol/touristinformationcentershape.ttl;5;0.19327665699995578;0.2040518039999597
5;tyrol/travelactionshape.ttl;5;0.495003845000042;0.5150732969999581
5;tyrol/wineryshape.ttl;5;0.11870058100004144;0.12231557100000146
